date,ct.-conventional mg-monthly ending stock,ct.-distillate-monthly ending stock,ct.-rfmg-monthly ending stock,ma.-conventional mg-monthly ending stock,ma.-distillate-monthly ending stock,ma.-rfmg-monthly ending stock,me.-conventional mg-monthly ending stock,me.-distillate-monthly ending stock,me.-rfmg-monthly ending stock,nh.-conventional mg-monthly ending stock,nh.-distillate-monthly ending stock,nh.-rfmg-monthly ending stock,ri.-conventional mg-monthly ending stock,ri.-distillate-monthly ending stock,ri.-rfmg-monthly ending stock,vt.-conventional mg-monthly ending stock,vt.-distillate-monthly ending stock
1993-01-01,1908,3995,,2062,2557,,800,1374,,255,1055,,907,896,,38,140
1993-02-01,2169,2899,,1786,1855,,1087,1253,,174,851,,765,1028,,28,116
1993-03-01,2170,1290,,2013,1882,,940,891,,132,295,,620,657,,22,76
1993-04-01,1518,952,,1911,2082,,979,990,,129,478,,889,768,,39,54
1993-05-01,2095,1357,,2149,1755,,959,885,,134,518,,963,923,,43,63
1993-06-01,1748,1974,,1643,2191,,989,1225,,79,1051,,745,1103,,37,55
1993-07-01,1850,2894,,1565,2128,,841,1168,,90,1242,,708,1358,,21,41
1993-08-01,1531,2888,,1662,3683,,862,1336,,72,1398,,618,1215,,23,26
1993-09-01,1258,4647,,1546,2112,,963,1307,,5,1272,,735,1226,,19,23
1993-10-01,1573,5243,,1114,3496,,741,1514,,2,1315,,681,1333,,21,19
1993-11-01,2417,4791,,1366,2421,,735,1555,,2,1202,,640,1631,,17,35
1993-12-01,1880,4873,,1248,1964,,638,1400,,0,1099,,582,1192,,11,29
1994-01-01,1820,2319,0,1380,2580,0,733,711,0,0,438,0,559,1106,0,3,12
1994-02-01,2290,1564,0,2280,1833,0,1131,703,0,0,547,0,766,1172,0,16,15
1994-03-01,1893,1284,0,2081,1916,0,952,993,0,0,466,0,692,575,0,17,20
1994-04-01,1752,1046,0,1604,1417,0,1224,978,0,0,441,0,389,342,0,14,16
1994-05-01,2139,944,0,1900,1975,0,1043,843,0,0,365,0,730,533,0,17,15
1994-06-01,1741,2261,0,1961,3312,0,909,1165,0,0,803,0,641,657,0,17,44
1994-07-01,1574,4564,0,1443,3660,0,686,1231,0,0,1451,0,579,1339,0,23,42
1994-08-01,1561,4689,0,2023,4229,0,824,1331,0,0,1384,0,540,1363,0,15,55
1994-09-01,1720,5078,0,1796,5025,0,784,1746,0,0,1075,0,736,1473,0,15,56
1994-10-01,1343,5135,0,1379,5032,0,687,1369,0,0,1201,0,734,1454,0,25,52
1994-11-01,131,5149,932,633,3906,1015,241,1450,674,0,1293,0,32,1271,488,26,49
1994-12-01,105,4433,887,210,3612,2043,403,1171,659,0,1098,0,1,1469,528,16,43
1995-01-01,1,4339,1067,47,3100,1871,402,1293,712,0,1239,0,1,1447,777,47,37
1995-02-01,1,3037,1384,111,2531,1640,562,1265,819,0,992,0,1,1032,766,37,48
1995-03-01,1,2927,1505,286,2272,1689,393,1121,490,0,624,0,1,803,392,19,58
1995-04-01,0,2694,1646,227,2138,1458,361,1033,593,0,444,0,1,724,620,7,47
1995-05-01,0,2781,1164,0,2273,1198,365,1063,524,0,888,0,1,910,597,31,38
1995-06-01,0,2646,1231,0,3076,1219,362,903,525,0,1037,0,1,731,538,27,34
1995-07-01,0,3372,1191,0,4392,1413,316,1410,712,0,1282,0,0,1112,520,20,29
1995-08-01,14,4408,862,96,4570,1802,432,1513,751,0,1287,0,0,1319,576,12,29
1995-09-01,0,4621,679,0,4700,1470,478,1379,519,0,1121,0,0,1331,608,20,25
1995-10-01,0,4743,957,0,4688,1572,514,1181,703,0,1068,0,0,1151,559,41,37
1995-11-01,0,3851,944,0,4471,1291,477,1509,307,0,884,0,0,1342,496,26,34
1995-12-01,0,2799,823,0,3448,1467,711,1785,455,0,1090,0,0,1061,704,14,27
1996-01-01,0,2423,1310,0,2423,1859,460,1716,550,0,770,0,0,933,536,19,21
1996-02-01,0,1203,1406,0,1399,1800,676,1163,481,0,469,0,0,614,855,32,33
1996-03-01,0,1356,1350,0,1830,1288,564,699,520,0,336,0,0,642,476,35,29
1996-04-01,0,776,878,0,1113,1442,458,788,583,0,156,0,0,442,952,28,30
1996-05-01,0,1275,1395,0,979,1539,643,822,492,0,135,0,0,494,696,46,36
1996-06-01,0,1846,1170,0,1714,1409,652,952,568,0,378,0,0,385,604,49,42
1996-07-01,0,1923,1195,0,2201,1613,544,859,416,0,530,0,0,787,591,18,44
1996-08-01,0,2086,771,0,2505,1139,638,862,523,0,436,0,0,799,750,14,41
1996-09-01,0,1875,858,0,3330,1653,579,782,329,0,461,0,0,666,546,26,32
1996-10-01,0,2427,808,0,3874,1435,536,1123,375,0,734,0,0,881,490,32,45
1996-11-01,0,2977,956,0,3255,934,600,1195,512,0,956,0,0,945,421,29,61
1996-12-01,0,2712,976,0,3566,1637,479,1144,593,0,1340,0,0,704,695,26,55
1997-01-01,0,2908,1024,0,3002,1882,486,1022,635,0,1050,0,0,622,527,51,54
1997-02-01,0,1809,963,0,2417,1815,395,1122,371,0,510,0,0,743,375,50,53
1997-03-01,0,1260,1008,0,1719,1598,529,920,307,0,414,0,0,482,421,26,40
1997-04-01,0,1269,991,0,1540,1403,405,836,377,0,452,0,0,498,603,21,37
1997-05-01,0,1882,1397,0,1410,1518,550,971,274,0,603,0,0,566,681,30,29
1997-06-01,0,3168,1614,0,2059,1600,515,1326,764,0,555,87,0,656,681,12,26
1997-07-01,0,4400,1142,0,3377,1328,423,1465,424,0,978,75,0,1173,485,5,19
1997-08-01,0,4683,1058,0,3418,1179,377,1320,380,0,1089,57,0,1416,453,20,16
1997-09-01,0,4312,1244,0,3634,1407,379,1566,251,0,1042,77,0,1290,287,26,27
1997-10-01,0,5461,1320,0,3818,1568,387,1293,399,0,1099,125,0,1372,367,26,28
1997-11-01,0,4545,1137,0,3485,1859,567,1402,507,0,810,132,0,949,484,13,28
1997-12-01,0,4963,1229,0,3494,1463,322,1410,420,0,826,141,0,716,595,18,28
1998-01-01,0,4252,1625,0,3157,1359,324,1110,413,0,722,123,25,776,298,9,15
1998-02-01,0,4196,1586,0,2907,1206,304,1024,360,0,716,268,0,807,607,31,20
1998-03-01,0,3645,1616,0,2378,1471,398,1200,399,0,458,199,0,995,554,33,32
1998-04-01,0,4781,1592,0,3415,1056,412,1178,499,0,775,198,0,1028,668,37,50
1998-05-01,0,5223,1956,0,3665,1477,550,1798,485,0,881,256,0,1575,648,41,51
1998-06-01,0,5572,1477,0,3613,1697,429,2043,548,0,924,318,0,1535,695,45,45
1998-07-01,0,6072,1317,0,5020,1891,260,1917,328,0,700,221,0,1452,579,22,42
1998-08-01,0,5926,1479,0,5229,757,323,1840,609,0,623,282,0,1536,510,20,34
1998-09-01,0,6172,1326,0,5843,831,587,1812,434,0,764,314,0,1655,607,15,28
1998-10-01,0,6534,805,1,5799,1302,551,2092,897,0,482,371,0,1671,518,17,25
1998-11-01,0,6538,1328,0,5235,1467,602,1753,882,0,468,193,0,1570,425,13,25
1998-12-01,0,6603,1537,0,5195,1257,495,1855,599,0,528,231,0,1335,458,14,39
1999-01-01,0,5813,1037,0,5133,1670,487,1550,640,0,670,257,0,1296,806,24,15
1999-02-01,0,6674,558,0,5202,1450,621,1820,694,0,599,318,0,1576,616,19,25
1999-03-01,0,5199,1211,0,3987,872,665,1235,889,0,553,130,0,1210,796,19,25
1999-04-01,0,5389,1350,0,3892,1046,650,1139,441,0,512,352,0,1180,782,28,53
1999-05-01,0,6405,1336,0,3952,725,838,1081,435,0,737,461,0,1810,866,37,54
1999-06-01,0,6744,1112,0,3858,1384,929,1571,285,0,801,313,0,1733,606,51,40
1999-07-01,0,6577,790,0,4029,1375,762,1986,113,0,717,302,0,1805,683,37,33
1999-08-01,0,6476,981,0,4853,1091,1068,1906,187,0,605,157,0,1858,834,39,25
1999-09-01,0,6817,547,0,4630,1058,759,1638,130,0,647,152,0,1809,599,28,34
1999-10-01,0,6535,1064,0,4547,1057,928,1743,285,0,476,254,0,1721,461,36,29
1999-11-01,0,5639,853,0,3741,1235,1136,2177,501,0,482,210,0,1746,642,34,36
1999-12-01,0,3487,683,0,3221,1389,685,1002,160,0,595,206,0,849,467,33,46
2000-01-01,0,1049,808,0,881,1397,515,845,188,0,187,319,0,468,634,31,56
2000-02-01,0,2117,844,0,1733,1088,620,939,51,0,189,184,0,787,651,28,38
2000-03-01,0,1165,663,0,1040,1342,927,793,126,0,151,320,0,374,429,65,41
2000-04-01,0,675,796,0,503,1242,677,577,0,0,86,281,0,471,426,24,76
2000-05-01,0,932,1043,0,699,1007,820,531,213,0,132,206,0,582,477,51,65
2000-06-01,0,884,780,0,1318,1252,691,616,16,0,181,249,0,609,746,62,40
2000-07-01,0,1416,883,0,1104,1302,737,970,61,0,527,257,0,775,449,48,40
2000-08-01,0,2316,966,0,1059,1010,526,964,61,0,339,150,0,726,681,8,19
2000-09-01,0,2017,1007,0,1076,1072,370,1166,1,0,265,140,0,796,871,22,19
2000-10-01,0,1673,393,0,1107,1104,524,1419,2,0,225,117,0,727,747,37,18
2000-11-01,0,2165,1218,0,1552,1450,811,1351,95,0,345,171,0,585,881,28,37
2000-12-01,0,2414,1229,0,2401,1397,382,1329,86,0,580,183,0,834,714,9,19
2001-01-01,0,2928,1261,0,2187,1608,770,1167,58,0,481,411,0,1150,686,31,46
2001-02-01,0,2274,1487,0,1420,1277,683,1065,4,0,485,340,0,774,576,50,41
2001-03-01,0,1053,1054,0,1071,1085,431,789,177,0,338,260,0,678,722,60,40
2001-04-01,0,1654,665,0,1105,1038,795,652,1,0,147,75,0,688,805,22,57
2001-05-01,0,1668,1106,0,1100,1286,903,863,34,0,427,247,0,670,629,9,53
2001-06-01,0,3126,1602,0,1609,1964,631,1251,76,0,594,407,0,527,674,16,45
2001-07-01,0,3937,1478,0,1839,1462,874,1265,1,0,607,399,0,693,753,8,27
2001-08-01,0,4784,1022,0,1726,1331,564,1080,1,0,8,223,0,743,441,17,25
2001-09-01,0,4742,1118,0,1758,1380,813,1069,9,0,6,320,0,900,532,17,50
2001-10-01,0,4874,1138,0,2172,1443,763,1803,58,0,489,343,0,1001,602,49,24
2001-11-01,0,4894,1442,0,2543,1615,709,1492,17,0,527,283,0,1236,555,36,67
2001-12-01,0,4832,1201,0,1838,1714,846,1478,48,0,575,367,0,972,474,37,75
2002-01-01,0,4574,1410,0,1965,1643,666,1313,63,0,693,357,0,1218,678,54,76
2002-02-01,0,3896,1377,0,1597,1770,866,1531,1,0,507,229,0,1083,651,36,64
2002-03-01,0,2833,950,0,1660,1633,717,1185,1,0,611,315,0,843,431,22,86
2002-04-01,0,3021,1621,0,1677,1542,736,890,1,0,579,163,0,870,651,39,70
2002-05-01,0,2837,1532,0,1603,1444,727,1401,1,0,725,321,0,1076,632,50,82
2002-06-01,0,3435,1120,0,2001,1788,744,1082,1,0,751,389,0,1187,721,45,87
2002-07-01,0,3778,1315,0,2202,1557,686,1413,1,0,953,112,0,1351,683,43,67
2002-08-01,0,4122,912,0,2276,1740,665,1482,1,0,949,24,0,1305,703,37,53
2002-09-01,0,3856,1144,0,2135,1865,877,1435,1,0,719,59,0,1346,587,32,51
2002-10-01,0,3693,714,0,1636,974,905,1003,1,0,712,58,0,1061,536,38,36
2002-11-01,0,2995,897,0,2112,1262,896,1166,1,0,878,90,0,1055,361,42,36
2002-12-01,0,3023,949,0,2038,1631,880,1220,1,0,682,166,0,1036,565,23,29
2003-01-01,0,2089,1192,0,1430,1351,951,1089,1,0,403,246,0,786,512,16,20
2003-02-01,0,990,848,0,1281,1222,762,847,1,0,361,300,0,393,432,30,16
2003-03-01,0,1081,885,0,1395,1266,1085,737,1,0,547,228,0,766,571,44,35
2003-04-01,0,597,1674,0,1147,1323,850,639,1,0,254,151,0,476,284,23,58
2003-05-01,0,1160,1078,0,1489,1293,879,925,1,0,392,154,0,593,577,56,61
2003-06-01,0,2540,1163,0,1915,1513,824,1343,1,0,719,149,0,670,680,48,57
2003-07-01,0,2726,1014,0,2391,1357,947,1456,1,0,485,167,0,763,537,53,53
2003-08-01,0,2768,975,0,2049,1040,835,1388,1,0,676,135,0,1240,393,41,36
2003-09-01,0,2890,1100,0,2687,1179,690,1507,1,0,850,75,0,1188,743,50,59
2003-10-01,0,3313,1101,0,2648,1219,929,1602,1,0,771,70,0,1208,524,25,53
2003-11-01,0,2892,191,0,2746,1181,760,1442,1,0,805,140,0,1020,535,14,51
2003-12-01,0,2863,289,0,1897,1606,781,1225,1,0,847,93,0,1062,628,25,25
2004-01-01,62,1990,63,0,2116,946,592,1151,1,11,696,108,0,923,440,25,32
2004-02-01,0,1904,13,0,2546,1171,811,1542,1,11,870,122,0,1177,545,23,43
2004-03-01,0,1570,25,0,1798,1172,867,1113,1,78,464,141,0,1100,393,29,58
2004-04-01,0,985,16,0,1635,1152,809,1120,0,2,234,74,0,1094,335,28,37
2004-05-01,0,1611,89,0,1712,1233,975,849,0,52,411,96,0,1182,575,43,56
2004-06-01,0,2801,67,0,1988,1282,1059,1344,1,23,296,106,0,1259,413,32,63
2004-07-01,0,3769,74,0,2951,1347,929,1350,1,31,585,68,0,1425,524,46,51
2004-08-01,0,4903,37,0,3286,1421,643,1547,1,46,849,37,0,1449,459,48,46
2004-09-01,0,5368,351,0,3162,1377,952,1702,1,26,769,93,0,1294,704,19,56
2004-10-01,0,4824,87,0,2381,1285,711,1557,1,16,637,142,0,1155,442,28,43
2004-11-01,0,4815,75,0,2534,1552,812,1657,1,9,835,170,0,1155,666,37,58
2004-12-01,0,4982,39,0,2398,1734,876,1350,1,21,733,166,0,1222,328,13,60
2005-01-01,,3001,59,,1945,1511,764,1300,,9,548,139,,1161,446,21,36
2005-02-01,,2111,54,,2343,1372,434,1065,,47,591,160,,1546,416,14,37
2005-03-01,,2114,79,,1366,1269,728,924,,50,462,104,,749,450,33,26
2005-04-01,,2195,38,,1043,1439,763,856,,51,359,112,,766,751,29,38
2005-05-01,,3100,69,,976,964,877,811,,46,533,116,,781,572,41,20
2005-06-01,,4736,52,,1999,1439,898,1356,,47,518,150,,1257,684,24,23
2005-07-01,,5955,51,,2672,1371,1140,1666,,42,591,98,,1346,642,23,15
2005-08-01,,6270,82,,2891,1178,584,2005,,16,794,55,,1716,544,24,12
2005-09-01,,6002,5,,2844,1284,749,1904,,66,1050,139,,1594,706,45,26
2005-10-01,,5616,,,2958,1325,877,1867,,17,861,71,,1282,480,50,52
2005-11-01,,5152,,,2865,1153,872,1722,,22,951,116,,1378,491,39,60
2005-12-01,,5159,,,2229,940,641,1346,,14,734,115,,1482,515,28,35
2006-01-01,,5590,,,2596,1171,834,1677,,20,830,154,,1261,556,52,41
2006-02-01,,4814,,,1905,1249,777,1377,,19,622,104,,995,639,40,42
2006-03-01,,4284,,,1628,1231,615,968,,9,431,31,,862,321,50,42
2006-04-01,,3883,,,1280,21,591,749,,2,386,,,1012,22,39,30
2006-05-01,,4145,,,1676,,920,824,,2,466,,,1203,10,32,17
2006-06-01,,5351,,,2222,,713,941,,1,299,,,1544,,23,14
2006-07-01,,5844,,,2482,,643,1535,,,734,,,1729,,27,16
2006-08-01,,5667,,,2581,,1104,1627,,,723,,,1624,,33,16
2006-09-01,,5938,,,3210,,699,1673,,,1103,,,1608,,44,39
2006-10-01,,5619,,,3145,,832,1735,,,940,,,1641,,36,40
2006-11-01,,5298,,,3591,,1027,1566,,,964,,,1706,,31,30
2006-12-01,,4944,,,3696,,586,1651,,,1367,,,1489,,19,48
2007-01-01,,4693,,,2668,,578,1818,,,756,,,1356,3,29,30
2007-02-01,,3197,,,1606,,554,1180,,,654,,,779,6,27,14
2007-03-01,,2398,,,1443,,583,1104,,,611,,,1100,,27,16
2007-04-01,,2992,,,1430,,594,1115,,,524,,,1107,,30,19
2007-05-01,,2967,,,1387,,653,1043,,,433,,,1009,,27,36
2007-06-01,,2864,,,1474,,793,1129,,,780,,,1105,,19,36
2007-07-01,,3549,,,1985,,640,1289,,,804,,,1374,,26,30
2007-08-01,,4887,,,2084,,700,1299,,,899,,,1595,,25,26
2007-09-01,,4753,,,2569,,971,1647,,,1165,,,1611,,22,45
2007-10-01,,4903,,,3191,,826,1797,,,906,,,1384,,32,51
2007-11-01,,4098,,,2584,,799,1632,,,751,,,1170,,28,34
2007-12-01,,3827,,,2386,,889,1429,,,764,,,998,,17,8
2008-01-01,,2857,,,2954,,800,1461,,,889,,,1073,,46,18
2008-02-01,,1748,,,2186,,814,1437,,,564,,,887,,40,52
2008-03-01,,1664,,,1257,,627,942,,,538,,,683,,40,25
2008-04-01,,1064,,,1365,,765,554,,,355,,,555,,17,5
2008-05-01,,1489,,,849,,376,546,,,246,,,763,,45,11
2008-06-01,,1849,,,1271,,564,626,,,261,,,909,,26,14
2008-07-01,,2478,,,1200,,479,764,,,304,,,919,,22,16
2008-08-01,,3240,,,1229,,381,651,,,416,,,1466,,22,16
2008-09-01,,3612,,,1908,,445,1134,,,506,,,1375,,17,39
2008-10-01,,2910,,,1705,,565,1528,,,380,,,1650,,33,41
2008-11-01,,3405,,,1879,,425,1702,,,643,,,1559,,41,93
2008-12-01,,3866,,,2550,,374,1609,,,467,,,1473,,31,49
2009-01-01,,3449,,,2443,,439,1826,,,531,,,1249,,32,28
2009-02-01,,2990,,,2251,,550,1455,,,496,,,1334,,50,22
2009-03-01,,4410,,,2014,,450,2027,,,362,,,1509,,48,38
2009-04-01,,4287,,,2171,1,225,1803,,,352,,,1382,,23,61
2009-05-01,,4643,,,2865,,43,1671,,,463,,,1737,,36,40
2009-06-01,,4989,,,2846,1,122,1843,,,619,,,1864,,40,52
2009-07-01,,5039,,,2932,1,79,2083,,,625,,,1883,,27,52
2009-08-01,,5116,,,3308,1,126,2429,,,723,,,1984,,34,49
2009-09-01,,5383,,,3600,,74,3154,,,857,,,2063,,48,66
2009-10-01,,5170,,,3605,,126,3112,,,880,,,2108,,52,92
2009-11-01,,5177,,,3976,,81,3035,,,804,,,1941,,90,104
2009-12-01,,4328,,,3330,,,2278,,,763,,,1623,,55,106
2010-01-01,,4887,,,3670,2,45,2202,,,828,,,1846,,82,94
2010-02-01,,4538,,,2920,3,,1968,,,607,,,1980,,58,71
2010-03-01,,3632,,,2621,3,,1392,,,348,,,1506,,61,69
2010-04-01,,3764,,,2301,4,,1610,,,282,,,1560,,33,90
2010-05-01,,3198,,,2430,4,,1926,,,343,,,1778,,49,75
2010-06-01,,3887,,,2435,6,,1972,,,466,,,1971,,51,78
2010-07-01,,4488,,,2618,4,,2195,,,548,,,2022,,41,63
2010-08-01,,4549,,,3393,4,,2470,,,630,,,2064,,40,62
2010-09-01,,5041,,,3636,3,,2273,,,685,,,2070,,50,64
2010-10-01,,4910,,,3785,3,,2227,,,799,,,2033,,47,53
2010-11-01,,4487,,,3737,3,,2318,,,821,,,1898,,53,59
2010-12-01,,3730,,,2901,2,,2238,,,604,,,1575,,29,40
2011-01-01,,3086,,,2537,2,,1935,,,588,,,1203,,24,30
2011-02-01,,4425,,,2066,3,,1753,,,481,,,1122,,34,18
2011-03-01,,3477,,,1949,3,,1661,,,525,,,1223,,54,14
2011-04-01,,2853,,,1755,3,,1475,,,326,,,953,,17,57
2011-05-01,,3191,,,1762,2,,973,,,435,,,1678,,27,48
2011-06-01,,3816,,,2071,4,,1192,,,430,,,1570,,20,41
2011-07-01,,4259,,,2272,2,,1508,,,693,,,1871,,20,41
2011-08-01,,5249,,,2376,8,211,1371,,,530,,,1940,,15,35
2011-09-01,,5078,,126,2838,2,203,1676,,,607,,,2021,,19,30
2011-10-01,,4796,,177,2367,2,271,2160,,,669,,,1975,,19,37
2011-11-01,,5226,,179,2469,2,150,1440,,,696,,,1768,,36,41
2011-12-01,,4964,,214,2371,4,130,1799,,,678,,,2205,,23,27
2012-01-01,,3867,,379,1956,5,163,1630,,,470,,,1861,,47,19
2012-02-01,,3954,,,1383,7,187,880,,,503,,,1375,,45,29
2012-03-01,,3066,,,1619,8,165,863,,,287,,,1360,,45,22
2012-04-01,,2599,,,1360,6,186,606,,,297,,,1296,,32,29
2012-05-01,,2655,,,1297,5,188,701,,,292,,,1366,,45,17
2012-06-01,,2489,,,1141,5,171,947,,,422,,,1595,,33,33
2012-07-01,,2780,,,1460,4,229,872,,,286,,,1774,,32,32
2012-08-01,,2913,,,1368,11,248,1278,,,227,,,1817,,30,28
2012-09-01,,3435,,,1394,9,301,1334,,,385,,,1790,,30,30
2012-10-01,,3615,,,1474,6,190,1319,,,334,,,1425,,35,29
2012-11-01,,2311,,,1735,3,251,1539,,,521,,,1175,,30,17
2012-12-01,,1706,,,2055,3,152,1263,,,714,,,1400,,26,20
2013-01-01,,1497,,,1299,4,198,1260,,,345,,,1142,,47,19
2013-02-01,,1130,,,1136,5,229,946,,,330,,,932,,31,14
2013-03-01,,1200,,,1182,6,98,1044,,,295,,,754,,24,17
2013-04-01,,1265,,,1132,7,126,1170,,,232,,,701,,20,17
2013-05-01,,1011,,,1258,6,263,1180,,,239,,,601,,30,16
2013-06-01,,1207,,,1358,7,324,1147,,,238,,,720,,19,8
2013-07-01,,1197,,,1615,5,270,1033,,,224,,,649,,15,7
2013-08-01,,1530,,,1490,8,310,969,,,158,,,767,,24,12
2013-09-01,,1776,,,1827,7,112,1076,,,254,,,1093,,19,27
2013-10-01,,2387,,,1956,6,183,1200,,,542,,,1509,,29,23
2013-11-01,,2089,,,1972,6,183,1255,,,633,,,1374,,27,17
2013-12-01,,1921,,,1602,6,254,1131,,,298,,,1247,,15,18
2014-01-01,,1314,,,1279,5,295,1011,,,413,,,818,,45,23
2014-02-01,,1128,,,1067,6,271,905,,,262,,,714,,22,11
2014-03-01,,1184,,,1172,6,213,607,,,221,,,909,,20,9
2014-04-01,,798,,,1099,7,134,726,,,177,,,649,,21,15
2014-05-01,,1002,,,1073,8,203,705,,,169,,,651,,34,6
2014-06-01,,1584,,,1005,7,24,644,,,196,,,767,,41,9
2014-07-01,,2012,,,1157,6,62,620,,,180,,,988,,27,4
2014-08-01,,2064,,,1489,9,114,574,,,301,,,1003,,26,13
2014-09-01,,2066,,,1486,9,,723,,,532,,,1142,,34,20
2014-10-01,,2649,,,1627,6,,985,,,342,,,1312,,22,19
2014-11-01,,2390,,,1778,6,,1130,,,812,,,1367,,34,22
2014-12-01,,2508,,,2070,5,,1289,,,684,,,1298,,24,12
2015-01-01,,1815,,,1611,2,,1158,,,665,,,915,,38,15
2015-02-01,,1366,,,881,1,,916,,,393,,,774,,24,7
2015-03-01,,1510,,,1325,1,,1055,,,496,,,739,,32,6
2015-04-01,,1281,,,1196,3,,917,,,310,,,625,,19,5
2015-05-01,,1843,,,1290,6,,997,,,411,,,764,,32,5
2015-06-01,,1765,,,1431,7,,949,,,295,,,908,,35,12
2015-07-01,,2054,,,1590,4,,942,,,366,,,1022,,28,9
2015-08-01,,2765,,,1590,4,,1253,,,456,,,929,,34,31
2015-09-01,,3528,,,1642,4,,1480,,,706,,,1096,,30,74
2015-10-01,,4090,,,1897,4,,1539,,,863,,,1335,,33,71
2015-11-01,,4640,,,2561,4,,1691,,,905,,,1378,,39,52
2015-12-01,,4743,,,2716,5,,2363,,,805,,,1318,,38,137
2016-01-01,,4530,,,2238,4,,2292,,,562,,,1142,,53,157
2016-02-01,,4100,,,2420,4,,2093,,,562,,,1082,,56,129
2016-03-01,,3672,,,2172,4,,2110,,,571,,,1043,,44,130
2016-04-01,,4080,,,2245,4,,1819,,,401,,,825,,52,108
2016-05-01,,4040,,,2230,6,,1721,,,463,,,1057,,58,85
2016-06-01,,4547,,,2498,8,,1576,,,375,,,991,,62,64
2016-07-01,,5564,,,2581,4,,1732,,,460,,,1127,,53,63
2016-08-01,,5671,,,2519,3,,1886,,,451,,,1621,,44,74
2016-09-01,,5685,,,2821,5,,2023,,,733,,,1616,,65,83
2016-10-01,,5711,,,2853,4,,2155,,,862,,,1679,,47,91
2016-11-01,,5781,,,2633,4,,2289,,,802,,,1725,,64,96
2016-12-01,,5400,,,2421,5,,1712,,,642,,,1548,,47,79
2017-01-01,,5772,,,2652,5,,1933,,,652,,,1394,,85,70
2017-02-01,,4785,,,2173,5,,1857,,,672,,,1236,,73,85
2017-03-01,,3717,,,1484,5,,1615,,,473,,,1174,,64,56
2017-04-01,,3449,,,1557,5,,1441,,,531,,,993,,38,48
2017-05-01,,3413,,,1614,7,,1502,,,491,,,1142,,34,31
2017-06-01,,3628,,,1632,8,,1367,,,545,,,909,,36,40
2017-07-01,,4033,,,1853,5,,1154,,,441,,,1061,,44,27
2017-08-01,,4238,,,1507,5,,1259,,,671,,,981,,30,26
2017-09-01,,3702,,,1456,5,,1464,,,652,,,967,,20,25
2017-10-01,,3582,,,1433,6,,1748,,,699,,,1036,,34,15
2017-11-01,,3278,,,1607,7,,1715,,,643,,,956,,52,37
2017-12-01,,3578,,,1536,7,,1640,,,506,,,891,,30,37
2018-01-01,,2828,,,1755,6,,1547,,,600,,,1051,,46,27
2018-02-01,,2616,,,1710,6,,1382,,,617,,,916,,28,21
2018-03-01,,2235,,,1195,5,,1379,,,395,,,782,,40,18
2018-04-01,,1463,,,1251,4,,1011,,,387,,,535,,19,22
2018-05-01,,1148,,,1174,5,,1000,,,424,,,552,,39,24
2018-06-01,,1378,,,1350,8,,1181,,,367,,,678,,38,29
2018-07-01,,1617,,,1378,6,,1186,,,284,,,579,,35,43
2018-08-01,,1900,,,1310,6,,1371,,,203,,,673,,25,47
2018-09-01,,3429,,,1410,4,,1175,,,451,,,642,,,51
2018-10-01,,3379,,,1429,6,,1150,,,796,,,744,,30,63
2018-11-01,,2800,,,1724,6,,1271,,,598,,,770,,26,56
2018-12-01,,3082,,,1929,5,,1504,,,773,,,1156,,28,52
2019-01-01,,3387,,,1734,5,,1465,,,743,,,1081,,34,59
2019-02-01,,2757,,,1618,5,,1313,,,482,,,918,,49,41
2019-03-01,,2090,,,1522,4,,1492,,,380,,,933,,55,51
2019-04-01,,1664,,,1318,3,,1154,,,387,,,809,,40,80
2019-05-01,,1487,,,1181,3,,1210,,,534,,,706,,47,77
2019-06-01,,1964,,,1412,4,,1159,,,253,,,735,,77,93
2019-07-01,,2866,,,1309,4,,1094,,,262,,,669,,72,86
2019-08-01,,3739,,,1479,4,,1035,,,260,,,660,,55,97
2019-09-01,,2929,,,1525,5,,1019,,,215,,,871,,67,116
2019-10-01,,2782,,,1550,4,,1346,,,524,,,941,,62,97
2019-11-01,,3402,,,1574,7,,1602,,,493,,,1040,,61,84
2019-12-01,,2730,,,1745,2,,1615,,,535,,,1031,,52,95
2020-01-01,,2473,,,1655,3,,1681,,,695,,,969,,74,63
2020-02-01,,2098,,,1817,5,,1283,,,508,,,803,,50,61
2020-03-01,,2315,,,1819,5,,1153,,,511,,,957,,68,80
2020-04-01,,3470,,,1907,5,,1807,,,474,,,960,,26,77
2020-05-01,,5309,,,2288,4,,2038,,,563,,,1195,,61,70
2020-06-01,,5562,,,2821,4,,2178,,,624,,,1347,,42,75
2020-07-01,,5914,,,2941,4,,2306,,,702,,,1503,,38,90
2020-08-01,,5662,,,2868,4,,2297,,,650,,,1538,,46,106
2020-09-01,,5345,,,2771,3,,2393,,,657,,,1141,,43,96
2020-10-01,,5688,,,2769,5,,2538,,,757,,,1469,,,107
2020-11-01,,5433,,,2833,5,,2316,,,577,,,1580,,,146
2020-12-01,,5218,,,2579,4,,2504,,,669,,,1290,,,162
2021-01-01,,4595,,,2160,5,,2452,,,655,,,817,,,150
2021-02-01,,3667,,,1818,5,,1997,,,681,,,1250,,,113
2021-03-01,,3386,,,1790,5,,2161,,,456,,,1084,,,105
2021-04-01,,2555,,,1713,5,,2151,,,443,,,964,,,74
2021-05-01,,2067,,,1521,5,,1985,,,377,,,956,,,40
2021-06-01,,2306,,,1530,5,,1775,,,366,,,1200,,,22
2021-07-01,,2330,,,1450,4,,1595,,,309,,,973,,,12
2021-08-01,,2764,,,1316,4,,1935,,,336,,,1179,,,12
2021-09-01,,2377,,,1179,5,,2097,,,518,,,878,,,16
2021-10-01,,2359,,,1670,4,,1961,,,842,,,1005,,,41
2021-11-01,,2535,,,1725,5,,2164,,,564,,,1080,,,51
2021-12-01,,2666,,,1444,5,,1473,,,715,,,1100,,,37
2022-01-01,,1496,,,1345,3,,1112,,,621,,,842,,,23
2022-02-01,,1990,,,1312,4,,1060,,,577,,,787,,,14
2022-03-01,,1385,,,1147,4,,898,,,401,,,547,,,6
2022-04-01,,773,,,702,3,,885,,,202,,,379,,,5
2022-05-01,,793,,,809,3,,612,,,281,,,372,,,4
2022-06-01,,758,,,705,4,,425,,,293,,,384,,,5
2022-07-01,,866,,,714,3,,682,,,329,,,437,,,5
2022-08-01,,770,,,698,3,,886,,,321,,,335,,,6
2022-09-01,,799,,,786,4,,940,,,367,,,402,,,8
2022-10-01,,1117,,,797,4,,836,,,328,,,361,,,6
2022-11-01,,1297,,,1196,4,,821,,,766,,,613,,,7
2022-12-01,,1134,,,692,4,,821,,,681,,,709,,,6
2023-01-01,,1670,,,1100,4,,1218,,,620,,,787,,,9
2023-02-01,,1502,,,1231,4,,881,,,505,,,816,,,8
2023-03-01,,1197,,,788,3,,861,,,384,,,542,,,7
2023-04-01,,1257,,,905,4,,796,,,259,,,613,,,8
2023-05-01,,1047,,,934,4,,671,,,243,,,642,,,10
2023-06-01,,1095,,,880,3,,664,,,255,,,445,,,9
2023-07-01,,993,,,796,2,,828,,,184,,,504,,,9
2023-08-01,,916,,,798,4,,827,,,137,,,572,,,6
2023-09-01,,974,,,760,3,,761,,,221,,,532,,,6
2023-10-01,,912,,,880,4,,840,,,169,,,466,,,11
2023-11-01,,905,,,539,4,,823,,,306,,,632,,,8
2023-12-01,,1326,,,1157,4,,1395,,,588,,,890,,,10
2024-01-01,,1494,,,819,4,,1040,,,528,,,761,,,40
2024-02-01,,1363,,,834,3,,886,,,461,,,767,,,30
2024-03-01,,1494,,,907,3,,1124,,,268,,,563,,,16
2024-04-01,,1078,,,892,3,,957,,,233,,,401,,,18
2024-05-01,,1096,,,1047,4,,993,,,277,,,495,,,10
2024-06-01,,1269,,,1137,4,,787,,,188,,,773,,,10
