date,ct.-no. 2 diesel low sulfur-prime supplier sales,ct.-no. 2 diesel-prime supplier sales,ct.-no. 2 distillate-prime supplier sales,ct.-no. 2 fuel/heating oil-prime supplier sales,ma.-no. 2 diesel low sulfur-prime supplier sales,ma.-no. 2 diesel-prime supplier sales,ma.-no. 2 distillate-prime supplier sales,ma.-no. 2 fuel/heating oil-prime supplier sales,me.-no. 2 diesel low sulfur-prime supplier sales,me.-no. 2 diesel-prime supplier sales,me.-no. 2 distillate-prime supplier sales,me.-no. 2 fuel/heating oil-prime supplier sales,nh.-no. 2 diesel low sulfur-prime supplier sales,nh.-no. 2 diesel-prime supplier sales,nh.-no. 2 distillate-prime supplier sales,nh.-no. 2 fuel/heating oil-prime supplier sales,padd1a-no. 2 diesel low sulfur-prime supplier sales,padd1a-no. 2 diesel-prime supplier sales,padd1a-no. 2 distillate-prime supplier sales,padd1a-no. 2 fuel/heating oil-prime supplier sales,ri.-no. 2 diesel low sulfur-prime supplier sales,ri.-no. 2 diesel-prime supplier sales,ri.-no. 2 distillate-prime supplier sales,ri.-no. 2 fuel/heating oil-prime supplier sales,vt.-no. 2 diesel low sulfur-prime supplier sales,vt.-no. 2 diesel-prime supplier sales,vt.-no. 2 distillate-prime supplier sales,vt.-no. 2 fuel/heating oil-prime supplier sales
1983-01-01,,118.6,1723.8,1605.2,,420.5,7538.1,7117.5,,153.9,1280.6,1126.7,,148.1,830.6,682.6,,965.8,13113.4,12147.6,,86.8,1420.3,1333.5,,37.9,320,282.1
1983-02-01,,132.6,2054,1921.4,,372.3,7819.3,7446.9,,150.9,1245.8,1094.9,,135.8,790.8,655,,893.4,13924.6,13031.3,,64.6,1701.9,1637.3,,37.2,312.9,275.7
1983-03-01,,130.2,1842.4,1712.2,,440.1,5977.1,5537,,169.1,1030.9,861.9,,142.5,751.5,609,,1004.4,10987.3,9983,,88.6,1113.4,1024.8,,33.9,272.1,238.1
1983-04-01,,134.9,2136.9,2002,,315.9,4622.6,4306.7,,225.3,1067.8,842.4,,96.5,521.3,424.8,,904.4,9542.7,8638.2,,101.1,958.6,857.5,,30.6,235.5,204.9
1983-05-01,,142.4,870.8,728.4,,287.6,2077.3,1789.7,,189.3,800.7,611.4,,103,522.1,419.1,,868.7,4880.9,4012.3,,115,467.3,352.3,,31.5,142.8,111.4
1983-06-01,,150.5,906.4,755.9,,336.8,1771.9,1435.1,,231,518.8,287.8,,105,360.1,255.1,,973.8,4186.9,3213.1,,111,503.6,392.6,,39.5,126.2,86.7
1983-07-01,,165.3,1362.6,,,334.2,1381.7,1047.5,,174.9,569.9,395,,111,343.2,232.2,,939,4242.9,3303.9,,116.9,474.6,357.7,,36.7,110.9,74.2
1983-08-01,,182.1,906.5,724.3,,415,1650.2,1235.2,,208.4,690.5,482,,145.7,486.8,341.1,,1102.2,4408,3305.8,,115.1,527.3,412.2,,35.9,146.8,110.9
1983-09-01,,179.5,656.1,476.6,,333.1,1783,1449.9,,188.3,1196.1,1007.8,,136.6,503,366.4,,974,4650.3,3676.3,,99.3,369.9,270.6,,37.3,142.3,104.9
1983-10-01,,167.7,1087.9,920.2,,328.3,2182.7,1854.4,,198.7,664.1,465.4,,139,575.2,436.2,,965.5,5219.8,4254.4,,92.7,537.9,445.2,,39,172,133
1983-11-01,,179.2,1787,1607.8,,398.8,4015.6,3616.7,,178.4,1429.2,1250.8,,162.8,795.6,632.8,,1046.1,9152.1,8106,,89.9,912.2,822.2,,37,212.6,175.6
1983-12-01,,183.6,2554.1,2370.5,,695.4,8296.8,7601.4,,161.1,1754.7,1593.6,,174.9,1028.7,853.8,,1349.5,15776.2,14426.7,,95.4,1821.6,1726.3,,39.1,320.2,281.1
1984-01-01,,194.2,4239.4,4045.2,,458.5,8379.8,7921.3,,249.4,2061.2,1811.8,,181.4,1076,894.6,,1239.3,18512,17272.7,,116.3,2403.5,2287.2,,39.6,352.2,312.5
1984-02-01,,167,1930.6,1763.6,,500.7,5513,5012.3,,208.9,996.5,787.6,,138.7,987.1,848.4,,1139.1,10922.4,9783.3,,89.3,1271.1,1181.8,,34.4,224.1,189.6
1984-03-01,,176.2,2528.3,2352.1,,440.5,6363.4,5922.9,,193.1,1799.6,1606.5,,136.9,1040.5,903.6,,1064.3,13299,12234.8,,90.7,1345.8,1255.2,,26.9,221.5,194.5
1984-04-01,,172.4,1756.2,1583.8,,483.3,3758.5,3275.3,,189.4,960.2,770.8,,149.7,617.1,467.4,,1152.2,8036,6883.8,,129.4,763.5,634.1,,28,180.5,152.5
1984-05-01,,201.8,1243.4,1041.6,,424,2838,2414,,210.3,701,490.7,,111.6,403.8,292.3,,1091.4,5795.8,4704.4,,111.3,445.8,334.5,,32.5,163.9,131.4
1984-06-01,,190.6,617.3,426.7,,465.8,1766.9,1301.2,,188.2,562.9,374.7,,102.4,565,462.6,,1112.5,4158.2,3045.7,,130.8,533.3,402.5,,34.7,112.8,78.1
1984-07-01,,188.6,595.2,406.5,,401.1,1121.6,720.5,,190.2,461,270.8,,100.7,366.1,265.4,,1049.8,3101.4,2051.6,,135,441.7,306.7,,34.3,115.9,81.6
1984-08-01,,193.3,1026.7,833.4,,473.1,1714.8,1241.7,,284.2,720.2,436,,118.6,465.7,347.2,,1248.1,4624.8,3376.7,,146.5,581.6,435.2,,32.4,115.7,83.3
1984-09-01,,180.3,896,715.6,,424.9,2298.6,1873.7,,258.5,1011.1,752.6,,109.5,465.1,355.6,,1102.9,5373.9,4271.1,,98,564.3,466.2,,31.6,138.9,107.3
1984-10-01,,201.5,1033.4,831.9,,397.8,2297,1899.2,,241.6,616.5,374.9,,128.7,454.2,325.5,,1112.2,4985.2,3873,,107.9,445.8,337.9,,34.5,138.1,103.6
1984-11-01,,198.7,1602.4,1403.7,,466.8,3619.7,3152.9,,198.8,833.4,634.6,,166.9,571.1,404.2,,1174.5,7723.4,6548.9,,109.1,921.3,812.2,,34.1,175.5,141.4
1984-12-01,,162.5,2174.5,2011.9,,486.7,5093.5,4606.8,,279.4,1331.7,1052.3,,166.1,629.4,463.2,,1245.1,10950.9,9705.8,,112.8,1414.2,1301.4,,37.5,307.6,270.2
1985-01-01,,173.9,2596.3,2422.4,,495,7103.7,6608.7,,191,1615.6,1424.6,,196.6,960.3,763.6,,1196.6,14701.5,13504.8,,95,2002.4,1907.4,,45.1,423.3,378.2
1985-02-01,,200.1,2237.9,2037.7,,502,6512.4,6010.3,,233.8,1231.2,997.4,,182.8,845.4,662.6,,1279.6,12743.7,11464,,117,1536.1,1419,,43.9,380.8,336.9
1985-03-01,,211.8,1859.1,1647.4,,498.8,4197.4,3698.6,,187.8,1089.6,901.7,,155.4,687.2,531.8,,1182,9231.5,8049.5,,96.7,1129.4,1032.6,,31.5,268.8,237.3
1985-04-01,,214.8,1020.6,805.9,,428.3,3170.3,2742,,164.8,543.4,378.6,,136.2,494.6,358.5,,1058.5,6017.4,4958.9,,83.3,616.3,533,,31.2,172.1,140.9
1985-05-01,,201.6,905.3,703.6,,397,1832.7,1435.7,,182.8,549.2,366.4,,127.5,378.6,251.2,,1049.8,4205,3155.2,,106.1,371.1,265,,34.8,168,133.2
1985-06-01,,199.8,552.6,352.8,,393.9,1793.5,1399.7,,163.8,342.3,178.5,,129,316.3,187.3,,995.5,3483.9,2488.4,,76,339.5,263.4,,33,139.7,106.8
1985-07-01,,204.8,823.5,618.7,,351.5,1607.1,1255.6,,185.3,396.5,211.2,,124.9,317.2,192.3,,982,3524.7,2542.7,,80.4,257.3,177,,35.2,123.1,88
1985-08-01,,217.7,727,509.3,,469.8,1889.6,1419.8,,231.3,480.1,248.9,,130.5,386.3,255.8,,1176.3,4234.3,3058.1,,90.9,594.1,503.2,,36,157.2,121.1
1985-09-01,,200.1,788.8,588.6,,523,2134,1611,,240,690.8,450.8,,133.6,490.6,357,,1214.1,4750.2,3536.1,,79.6,419.8,340.2,,37.8,226.2,188.5
1985-10-01,,216.5,992.7,776.2,,562.4,2786.5,2224.1,,251,637.6,386.7,,154.3,538.2,384,,1329.5,5654,4324.4,,109.6,495.8,386.2,,35.8,203.1,167.3
1985-11-01,,219.3,1227.2,1007.9,,581.2,3177.9,2596.7,,223.5,625.3,401.8,,156,563.6,407.6,,1326.4,6704.9,5378.5,,109.8,872.7,762.9,,36.6,238.2,201.6
1985-12-01,,191.9,2161.7,1969.8,,367.5,6214.3,5846.7,,285.3,1013.5,728.2,,212.4,839,626.5,,1198.3,11591.7,10393.4,,95.9,976.2,880.2,,45.3,387.2,342
1986-01-01,,188.4,2581.4,2393,,483.2,5888.7,5405.5,,260.3,888.7,628.4,,212.4,859.1,646.8,,1372.2,12110.8,10738.7,,177,1442.9,1265.9,,50.9,450.1,399.2
1986-02-01,,188,3346.7,3158.8,,534.1,7677.8,7143.8,,351.8,1158.1,806.3,,234.1,931.2,697.1,,1526.6,15425.2,13898.5,,158.2,1853,1694.8,,60.5,458.4,397.9
1986-03-01,,247.4,1835.2,1587.9,,458,4273.3,3815.2,,234.4,844.7,610.4,,174.8,706.4,531.5,,1255,8874,7619,,95.3,870.3,775.1,,45.1,344.1,299
1986-04-01,,210.3,1197.5,987.3,,518.7,3276.5,2757.9,,258,716.4,458.5,,143.5,580.9,437.4,,1274.3,6485.9,5211.6,,99.4,487.6,388.3,,44.5,226.8,182.3
1986-05-01,,214,946.3,732.3,,479.5,2610.5,2130.9,,218.5,609.8,391.4,,141.4,460.6,319.3,,1194.1,5375.9,4181.8,,100.2,586,485.8,,40.5,162.7,122.2
1986-06-01,,233.1,654.1,421,,465.1,1954.7,1489.6,,215.8,444.4,228.6,,142.8,423.9,281.1,,1199.8,3905.8,2706,,92.8,251.6,158.8,,50.1,177.1,126.9
1986-07-01,,228.8,691.2,462.4,,478.8,1695,1216.2,,283.9,474.5,190.6,,153.8,366,212.2,,1364.1,3699.4,2335.3,,171.3,323.3,152,,47.5,149.3,101.8
1986-08-01,,258,930.8,672.8,,595,2957.4,2362.4,,267.3,739.4,472.2,,151.6,607.5,455.9,,1455.7,5890.1,4434.4,,136.1,463.3,327.1,,47.7,191.7,144
1986-09-01,,239.8,739.4,499.6,,537.7,3302.1,2764.4,,240.3,732.9,492.6,,156,818.8,662.8,,1373.1,6268,4894.9,,151.3,494.8,343.5,,48.1,180,131.9
1986-10-01,,228.4,809.1,580.7,,562,3953.4,3391.5,,276.6,729.9,453.2,,180.1,679.9,499.8,,1439.9,7467.2,6027.3,,133.4,1063,929.6,,59.4,231.9,172.5
1986-11-01,,207.4,1924.3,1716.8,,534.4,5472,4937.7,,253.7,763.9,510.2,,203.7,846.9,643.2,,1380.4,10222.4,8842.1,,104,974.3,870.4,,77.2,241,163.8
1986-12-01,,205.5,1725.4,1519.9,,601.9,8245.4,7643.5,,339.5,1285.9,946.4,,270.9,1310,1039.1,,1607.5,14520.8,12913.3,,115.3,1558.8,1443.5,,74.4,395.4,321
1987-01-01,,203.8,2474.5,2270.7,,561.5,7853.5,7291.9,,291,1370.7,1079.8,,237.5,1133.6,896.2,,1455.5,14789.3,13333.8,,99.1,1571.9,1472.8,,62.6,385.1,322.4
1987-02-01,,219.9,1842.1,1622.2,,656.9,9793.9,9137,,331.5,1208.7,877.2,,248.3,1185.7,937.5,,1589.9,15976.1,14386.2,,78.4,1512,1433.7,,55,433.6,378.7
1987-03-01,,231,1759.3,1528.3,,571.3,6636.7,6065.4,,279.7,1174.2,894.4,,235.4,1030.9,795.5,,1446.5,11902.1,10455.7,,81.7,1041.1,959.3,,47.3,260.1,212.8
1987-04-01,,222.8,1065.7,842.8,,499.7,4405.8,3906,,238.8,979.6,740.8,,179.3,858.5,679.3,,1256.2,8312.8,7056.6,,78.9,831.5,752.7,,36.7,171.7,135
1987-05-01,,220.2,825.5,605.3,,483.5,2921.7,2438.2,,215.3,628.1,412.8,,170.8,578.8,408,,1214.3,5752.6,4538.3,,86.5,673.7,587.2,,38,124.8,86.8
1987-06-01,,248.3,754.5,506.1,,547.8,2517.9,1970.1,,229.1,712.5,483.5,,179.9,525.3,345.3,,1350.8,5226.4,3875.6,,97.6,598.6,501,,48,117.6,69.6
1987-07-01,,,1319.4,1094.9,,706.6,,2075.5,,,615.4,,,173.2,500.7,,,1465.5,6130.6,,,,805,,,,108,
1987-08-01,,220,801.9,582,,487.7,2473.9,1986.1,,206.3,933.7,727.4,,155.7,488.6,332.9,,1197.1,5358.9,4161.8,,88.2,515.3,427,,39.1,145.5,106.4
1987-09-01,,236.4,1013.3,777,,533.6,2642.4,2108.8,,252.8,796.1,543.3,,168.5,651.5,483,,1321,5771.9,4450.9,,92.4,519.6,427.2,,37.2,148.8,111.6
1987-10-01,,259.7,1294.7,1035,,538.9,4162.6,3623.7,,252.3,764.9,512.6,,189.7,803.7,614,,1373.7,7925.5,6551.7,,89.1,713.6,624.5,,44,185.9,141.9
1987-11-01,,258.4,1711,1452.6,,501.2,5660.1,5159,,233.7,930.1,696.4,,246.4,977,730.6,,1390.3,10452.8,9062.4,,104.6,967.9,863.3,,46.1,206.6,160.5
1987-12-01,,252.6,2167.1,1914.5,,567.9,8609.3,8041.4,,268.3,1177.1,908.7,,270.3,1622.9,1352.6,,1519.6,14736.1,13216.5,,99.9,853.9,754,,60.6,305.8,245.2
1988-01-01,,228.5,4767.4,4538.9,,517.1,10094.3,9577.2,,236.6,1384.9,1148.3,,247.5,1918.8,1671.3,,1390.9,20461.9,19071,,87.1,1861.3,1774.1,,74.1,435.3,361.2
1988-02-01,,248.6,4694.5,4445.9,,532.7,9161.3,8628.6,,245.1,1296.2,1051.1,,245.6,1049.3,803.7,,1438.9,18473.4,17034.5,,94,1899.2,1805.2,,72.9,372.9,300.1
1988-03-01,,261.8,3094.7,2832.8,,560.2,7333.9,6773.6,,256.7,1255,998.3,,234.6,979.4,744.8,,1484.6,14155.8,12671.2,,108.5,1199,1090.5,,62.8,293.9,231.1
1988-04-01,,277.5,2254.2,1976.7,,734.1,4139.2,3405.1,,217.4,1056,838.6,,187.1,832.9,645.9,,1572.7,9437.7,7865,,98.3,931.5,833.2,,58.3,223.9,165.5
1988-05-01,,281.6,1763.8,1482.2,,445.1,3307.6,2862.5,,193.9,683,489.1,,179.3,835.3,655.9,,1261.7,7624.8,6363.1,,99,830.9,731.8,,62.7,204.3,141.6
1988-06-01,,294.6,1247.9,953.3,,538.9,2589.8,2050.9,,225.7,797.7,572.1,,202.5,497.2,294.7,,1437.9,5984.9,4547,,107.9,660.5,552.6,,68.3,191.7,123.4
1988-07-01,,263.6,1402.2,1138.6,,759.5,2733.2,1973.7,,215.5,633.8,418.2,,162.3,682.5,520.3,,1578.8,6208.6,4629.9,,114,609.8,495.8,,63.9,147.1,83.3
1988-08-01,,268.8,2126.8,1858,,530.5,2405.9,1875.3,,221.8,790.5,568.7,,187.6,484.9,297.4,,1383.5,6684.2,5300.7,,105.9,703.2,597.4,,68.9,172.8,104
1988-09-01,,287.2,1933.2,1646,,513.6,2991.4,2477.8,,235.4,1025.4,790,,187.1,579.6,392.5,,1416.5,7644.1,6227.6,,116.2,910,793.8,,76.9,204.5,127.6
1988-10-01,,250.5,1746.3,1495.7,,569.4,3935.2,3365.8,,242.1,1174.9,932.8,,188.1,741.8,553.7,,1457.7,9501,8043.2,,128.2,1657.9,1529.7,,79.5,245,165.5
1988-11-01,,271.6,2648.5,2376.8,,608.8,5269.3,4660.5,,223.4,1315.3,1091.9,,230.3,928.6,698.4,,1555.4,11838,10282.6,,132.4,1391.3,1258.9,,88.9,285,196.1
1988-12-01,,258,3623,3365.1,,633.6,8581.4,7947.8,,242.8,1869.4,1626.5,,298.3,1273.6,975.3,,1669.2,17721.7,16052.6,,141.7,1995.3,1853.5,,94.8,379.1,284.3
1989-01-01,,210.7,3594.4,3383.7,,547.5,8658.8,8111.2,,221,1580.8,1359.8,,275.7,1448.5,1172.8,,1438.9,17700.2,16261.3,,111.7,2078.9,1967.1,,72.3,338.8,266.5
1989-02-01,,231.8,3130.4,2898.5,,604,9585.1,8981.1,,229,1566.2,1337.2,,276.3,1595.5,1319.1,,1532.9,18166.9,16634,,120.5,1912.7,1792.1,,71.2,377.1,305.9
1989-03-01,,242.8,3066.9,2824.2,,551.6,7069.1,6517.5,,228.2,1528.1,1299.9,,244,1344.9,1100.9,,1460.5,15064.8,13604.3,,131,1720,1589,,62.9,335.6,272.8
1989-04-01,,246.1,1717.3,1471.2,,516.3,5007.9,4491.6,,161.4,1224.4,1062.9,,171.4,1113,941.6,,1264.7,10499.3,9234.6,,115.8,1211.4,1095.6,,53.7,225.3,171.6
1989-05-01,,251.2,1274.1,1022.9,,551.6,3060.7,2509.1,,189.5,1053.7,864.2,,174.1,732.2,558.1,,1369.6,7070.5,5700.8,,140.5,761.5,620.9,,62.7,188.3,125.6
1989-06-01,,272.3,1131.5,859.2,,568.6,2607.5,2038.9,,195.6,718.7,523.1,,170.5,508.2,337.7,,1419.7,5782.5,4362.8,,138.9,652.9,514,,73.7,163.6,89.9
1989-07-01,,304,1251.2,947.2,,486.6,2139.7,1653.2,,168.1,587.4,419.3,,139.9,383.5,243.6,,1297.9,5069.1,3771.2,,139.8,578,438.2,,59.6,129.3,69.7
1989-08-01,,275.9,1349.6,1073.8,,589.8,2152.4,1562.5,,180.8,883,702.2,,169.8,592.5,422.8,,1446.7,5765,4318.3,,165.6,618.8,453.2,,64.8,168.6,103.8
1989-09-01,,259.2,1307.5,1048.2,,528.8,2479.8,1951,,180.7,1076.9,896.2,,156.8,659.1,502.3,,1310.6,6844.8,5534.2,,126.7,1148.5,1021.8,,58.5,173.1,114.7
1989-10-01,,248.5,2011.3,1762.7,,586.6,3031.6,2445,,182.7,1148.8,966.1,,201.5,1353.8,1152.3,,1404.1,8869.6,7465.5,,125.4,1133.7,1008.3,,59.4,190.4,131
1989-11-01,,282,2326.2,2044.3,,649.9,5653.2,5003.3,,201.7,1437.1,1235.4,,226.6,928.9,702.3,,1550.8,12279.4,10728.6,,121.8,1664.8,1543,,68.8,269.1,200.3
1989-12-01,,369.6,4778,4408.4,,646.2,8944.8,8298.6,,229.7,2308.1,2078.4,,268,1640,1372,,1727.2,20483.7,18756.5,,132.6,2351.8,2219.2,,81.1,461,379.9
1990-01-01,,219.5,3242.9,3023.4,,582.5,8105.9,7523.4,,216.3,2512,2295.7,,244.5,1540.9,1296.5,,1430.5,17557.1,16126.5,,91,1775.5,1684.5,,76.7,379.8,303.1
1990-02-01,,238.5,3513.5,3275.1,,563.1,8506.2,7943.1,,245.5,1719.2,1473.7,,271.5,1924.1,1652.6,,1498,18795.8,17297.8,,98.8,2720.1,2621.3,,80.6,412.6,332
1990-03-01,,297.4,2608.6,2311.2,,568.1,5944.5,5376.3,,213.7,1561.9,1348.2,,228.5,1436,1207.5,,1484,13317,11833,,112.7,1412.6,1299.9,,63.7,353.5,289.8
1990-04-01,,290.8,2007.4,1716.5,,493.2,4267.5,3774.2,,197.2,1323.8,1126.6,,182,939,757,,1327.5,9971.3,8643.8,,102.7,1119.6,1016.9,,61.5,314.1,252.6
1990-05-01,,331,1335.5,1004.5,,528.1,3225.6,2697.5,,183.6,1015.5,831.9,,181.4,650.5,469.1,,1426.3,7283.8,5857.5,,124.8,796.3,671.5,,77.4,260.5,183.1
1990-06-01,,322,1194.8,872.8,,487.1,2314.1,1826.9,,208.7,831,622.3,,178,923.4,745.4,,1390.4,6067.4,4677,,128.4,603.3,475,,66.3,200.8,134.6
1990-07-01,,304.4,1415,1110.6,,461.3,2251.9,1790.6,,191.5,738,546.5,,136,492.9,357,,1276.5,5675.5,4399,,115.4,589.3,473.9,,67.9,188.4,120.4
1990-08-01,,321.3,1899.7,1578.4,,507.7,3151.3,2643.6,,189.7,1068.3,878.5,,176.2,641.3,465.1,,1388.5,7771.9,6383.4,,116.1,778.6,662.5,,77.4,232.7,155.3
1990-09-01,,279.3,1411.6,1132.3,,470,2425.3,1955.3,,157.5,957.9,800.4,,171.7,647,475.4,,1252.8,6580.3,5327.5,,107.3,932.2,824.9,,67,206.2,139.2
1990-10-01,,324.4,1480.6,1156.3,,507.2,2801.5,2294.4,,165.9,851.7,685.8,,191.7,779.8,588.1,,1390.4,6945.3,5554.9,,130.3,819.7,689.4,,71,211.9,140.9
1990-11-01,,302.5,2441.1,2138.5,,552.8,4410.5,3857.7,,151.5,1126.2,974.7,,200.9,1034.2,833.3,,1419.7,10707.5,9287.8,,109.1,1347.4,1238.3,,102.7,348.1,245.3
1990-12-01,,277.4,2774.5,2497.1,,486.8,4542.4,4055.5,,158.3,1644.8,1486.5,,233.5,1136.5,903,,1337.3,12123.6,10786.4,,78.3,1582.2,1503.9,,103,443.3,340.4
1991-01-01,,286.5,4634,4347.5,,534.2,6432.8,5898.6,,179.6,1728.7,1549.1,,281.3,1489.5,1208.2,,1465.8,16782,15316.2,,84.4,1890.8,1806.4,,99.8,606.2,506.4
1991-02-01,,267.8,3078.3,2810.5,,462.8,5331.8,4869,,173.8,1359.1,1185.4,,203.9,1139.3,935.4,,1264.3,12788.1,11523.9,,76.9,1433.6,1356.8,,79.1,446,367
1991-03-01,,280.8,2600.4,2319.6,,457.2,5165.7,4708.6,,137.8,1478.5,1340.7,,171.9,1052.1,880.2,,1216.5,11912.7,10696.2,,87.4,1262.4,1175,,81.4,353.5,272.1
1991-04-01,,326.3,1931.9,1605.7,,452,4443,3991.1,,121.5,945.1,823.5,,157.1,811.3,654.2,,1220.3,9322.3,8102,,87.7,935.6,847.9,,75.8,255.4,179.6
1991-05-01,,360.9,1382.2,1021.3,,463.7,2458.8,1995.1,,192.8,755.5,562.7,,186.1,613,426.9,,1384.2,6012.6,4628.4,,98.3,612.6,514.4,,82.5,190.5,108.1
1991-06-01,,316.7,1044.4,727.8,,444.4,2104.1,1659.8,,185.3,591.2,405.9,,198.5,548,349.4,,1306,4968.3,3662.3,,95.4,523,427.6,,65.8,157.6,91.8
1991-07-01,,304.3,1468.5,1164.2,,399.5,1891.3,1491.8,,189,610.8,421.8,,206.8,573.1,366.3,,1268.5,5181,3912.5,,99.8,473.5,373.7,,69.1,163.7,94.6
1991-08-01,,311.2,1128.2,816.9,,421.3,2176.1,1754.8,,201.1,687.2,486,,195.5,563.7,368.2,,1313.4,5599.3,4285.8,,108.2,858.8,750.6,,76.1,185.3,109.2
1991-09-01,,336.9,1335.6,998.7,,426.1,2220.3,1794.2,,178.9,832.4,653.5,,194.5,660.3,465.8,,1290.8,5933,4642.3,,78.7,671.2,592.5,,75.7,213.2,137.5
1991-10-01,,339.9,1743,1403,,541.1,3281.4,2740.3,,190.9,914.8,723.8,,204.7,1093.8,889.2,,1468,8106,6638,,111.5,781.3,669.8,,79.9,291.8,211.9
1991-11-01,,335,2522,2187,,489.7,4164.6,3674.9,,191.7,1034.7,843,,228.5,954.4,725.9,,1418.5,10115.6,8697.1,,105.9,1099.9,994,,67.7,340,272.3
1991-12-01,,298.7,3226.4,2927.7,,467.8,6462.8,5994.9,,174.7,1532.3,1357.5,,291,1301.8,1010.8,,1410.3,14309.6,12899.3,,101.3,1356,1254.7,,76.7,430.4,353.6
1992-01-01,,297.7,3954.9,3657.2,,532.1,7377,6844.8,,208.2,1671.8,1463.6,,263.5,1938.2,1674.7,,1469.6,17166.8,15697.2,,86.5,1713.2,1626.7,,81.6,511.8,430.1
1992-02-01,,297.1,3709.3,3412.2,,486,5470.7,4984.7,,205.6,1643.7,1438.1,,251.6,1439.2,1187.7,,1414.2,14538.6,13124.3,,101,1816.4,1715.4,,73,459.2,386.2
1992-03-01,,297.5,3313.3,3015.7,,471.6,6484.6,6013,,201,1493.9,1293,,220.6,1234.2,1013.6,,1355.3,14241.8,12886.5,,97.5,1306.5,1208.9,,67,409.3,342.3
1992-04-01,,310,2483.4,2173.3,,469,3790.7,3321.7,,176.2,1112.5,936.3,,184.6,936.6,751.9,,1312.5,9689.9,8377.4,,104.3,1057,952.7,,68.4,309.8,241.4
1992-05-01,,305,1422.1,1117,,443.6,2751.3,2307.6,,167.9,811.3,643.4,,165.2,624.8,459.6,,1255.9,6523.9,5268,,110.8,745.5,634.6,,63.2,169,105.8
1992-06-01,,634.6,1712.7,1078.1,,461.1,1824.9,1363.8,,181.5,664.4,482.9,,191.3,902.6,711.3,,1650.2,5755.3,4105.1,,107.8,486.9,379.1,,73.8,163.9,90
1992-07-01,,626.4,1826.5,1200.1,,442.5,1686.2,1243.7,,212.5,607.2,394.7,,173.3,530,356.7,,1627.1,5598.7,3971.6,,108.4,798.3,689.9,,64.1,150.6,86.5
1992-08-01,,577,1510.3,933.3,,414.9,2027.9,1613,,196,815.8,619.8,,202.1,1237.8,1035.7,,1565,6245.1,4680.1,,109.8,494.5,384.8,,65.2,158.7,93.5
1992-09-01,,616.4,1996,1379.6,,489.5,3529.3,3039.9,,209,1008.8,799.8,,209.6,760,550.3,,1708.7,8149.2,6440.5,,109.3,647.9,538.6,,74.9,207.2,132.3
1992-10-01,,333.4,1881.4,1548,,515.3,2823.3,2308,,205.6,1208.2,1002.6,,212.5,939.4,726.9,,1449.5,8047.3,6597.8,,105.9,941.4,835.5,,76.9,253.7,176.8
1992-11-01,,340.7,2580.8,2240,,526.2,3887.5,3361.3,,197,1232.1,1035,,258,1172.1,914.1,,1496.3,10470.7,8974.4,,107,1274,1167.1,,67.4,324.2,256.8
1992-12-01,,334.8,3355.4,3020.6,,562.9,5804.9,5242.1,,224.3,1762.7,1538.4,,301.4,1461.1,1159.6,,1608.3,14441.3,12832.9,,112.9,1674.6,1561.7,,72.1,382.6,310.6
1993-01-01,,318.2,3491.3,3173.1,,515.9,5545.8,5029.9,,198.3,1642.6,1444.3,,282.4,1425.8,1143.5,,1491.3,14237.9,12746.6,,105.5,1745.9,1640.5,,71.1,386.5,315.4
1993-02-01,,348.6,4053.2,3704.6,,583.3,6500.3,5917,,219.9,2009.5,1789.5,,319.2,1737.3,1418.1,,1655.3,16689.7,15034.5,,105.5,1900.7,1795.3,,78.8,488.7,410
1993-03-01,,356.6,3569,3212.4,,552.2,5638.4,5086.2,,199.3,1549.2,1349.9,,276.7,1457.6,1180.9,,1577.3,14218,12640.6,,120.6,1636.4,1515.8,,71.9,367.3,295.4
1993-04-01,,334.7,1955.1,1620.4,,486.9,3123.9,2637,,198.3,1294.7,1096.4,,188.5,896.1,707.6,,1401.2,8594.2,7193,,128.8,1103.7,974.9,,64,220.7,156.7
1993-05-01,,304.7,1100.5,795.8,,468.8,1907.1,1438.3,,196.3,867.7,671.5,,185.1,580.3,395.2,,1372.1,5299.7,3927.6,,150.2,703.3,553.2,,67.1,140.7,73.7
1993-06-01,,360.4,1423.1,1062.7,,541.3,1945.4,1404.2,,226.5,805.8,579.4,,219.1,677.5,458.4,,1612.2,5617.1,4005,,171.5,597.8,426.3,,93.4,167.5,74.1
1993-07-01,,325.6,1095.3,769.7,,489.5,1700.9,1211.4,,227.4,727.2,499.8,,211.4,592.9,381.5,,1482,4831.3,3349.3,,150,567,417,,78.1,148,69.8
1993-08-01,,352.7,1105.8,753.1,,566.1,1900.4,1334.2,,233.2,789,555.9,,215.8,613.9,398.1,,1594,5120,3526,,152.5,567.9,415.5,,73.7,143,69.3
1993-09-01,,440.6,1395,954.4,,655,2245,1589.9,,297.3,1209.1,911.8,,281.3,781.1,499.8,,1970.2,6604,4633.8,,209.9,797.9,588,,86,175.8,89.8
1993-10-01,,522.1,1633.1,1111,,715.4,2770,2054.6,,367.7,1125.7,757.9,,308,858.3,550.2,,2189.5,7474.3,5284.8,,190.5,868,677.5,,85.6,219.3,133.7
1993-11-01,,558.9,2526.3,1967.3,,868.8,4183.6,3314.9,,526,1451.9,925.9,,318.8,1069.6,750.7,,2529.8,10696,8166.2,,184.4,1204.2,1019.8,,72.9,260.5,187.6
1993-12-01,,546.4,3348.3,2801.9,,726.2,5614.7,4888.5,,358,1947.8,1589.8,,332.9,1484.8,1151.9,,2231.8,14429.9,12198.1,,190.5,1708.2,1517.6,,77.8,326.1,248.3
1994-01-01,,471.6,4530,4058.4,,658.1,7294.7,6636.7,,311.6,2525.6,2213.9,,297.7,1933.9,1636.1,,1990.1,18989.7,16999.6,,186.2,2292.9,2106.6,,64.8,412.6,347.8
1994-02-01,,456.3,4080.2,3623.9,,740.1,6631.4,5891.3,,337.1,2307.5,1970.5,,313.1,1683.2,1370.1,,2077.4,17218,15140.5,,160,2098.9,1938.9,,70.9,416.8,345.8
1994-03-01,,523.4,3405,2881.6,,821.9,5596.6,4774.8,,357,1728.5,1371.5,,289.9,1221.7,931.7,,2231.9,13794.5,11562.6,,158,1528.6,1370.5,,81.7,314.1,232.4
1994-04-01,,541.4,1976.8,1435.4,,742.9,2940.8,2197.9,,352.9,1280,927.1,,285.5,886.4,600.9,,2201,8281,6080,,187.7,965.1,777.3,,90.6,231.9,141.3
1994-05-01,,529.5,1489.5,960.1,,847.3,2505.4,1658.1,,406.6,1106.6,700,,313.2,703.6,390.5,,2389.4,6544,4154.6,,196.3,559.2,362.9,,96.5,179.7,83.2
1994-06-01,,584.9,1242.5,657.6,,855.7,2145.1,1289.4,,447.8,904.5,456.8,,341.8,604.5,262.8,,2546.2,5575.9,3029.7,,215.8,528.9,313.1,,100.2,150.3,50.1
1994-07-01,,483.1,1055,571.9,,917.1,1706.5,789.4,,386.9,773.5,386.7,,288.1,503.1,215,,2329.4,4749.5,2420.1,,173.6,595.9,422.2,,80.6,115.4,34.8
1994-08-01,,542.7,1263.5,720.7,,826.3,1952.5,1126.3,,464.7,943.3,478.5,,349,705.9,356.9,,2470.1,5742.8,3272.7,,201.4,730.9,529.5,,85.9,146.7,60.8
1994-09-01,,536.6,1456.4,919.8,,960,2502.4,1542.4,,435.2,1110.9,675.6,,325.5,761.1,435.6,,2553.1,6769.3,4216.2,,205.3,759.8,554.6,,90.5,178.7,88.2
1994-10-01,,541.8,1840.4,1298.5,,812.6,2830.7,2018.1,,460,1178.4,718.5,,336.2,851.3,515.1,,2446.6,7759.6,5313,,222.6,873.9,651.3,,73.4,184.9,111.5
1994-11-01,,539.2,2011.7,1472.4,,792.6,3273.7,2481.1,,411.8,1372.6,960.8,,327.8,950.5,622.8,,2366.7,8976.7,6610,,219.2,1135.5,916.3,,76,232.6,156.6
1994-12-01,,560.5,3298.4,2738,,872.5,5334.6,4462.1,,390.8,2059.6,1668.8,,333.9,1454,1120.1,,2442,13926.1,11484.1,,206.5,1470.1,1263.6,,77.8,309.4,231.6
1995-01-01,,466.8,3190.4,2723.5,,689.6,5328,4638.4,,370.1,1928.8,1558.7,,290.1,1392,1101.9,,2092.1,13641.7,11549.6,,192.9,1464,1271.1,,82.5,338.6,256.1
1995-02-01,,485.7,3750,3264.4,,712.3,6010.8,5298.5,,403.4,2189.8,1786.3,,307.8,1582.3,1274.4,,2197,15613.5,13416.5,,209.7,1715.4,1505.8,,78.1,365.2,287.1
1995-03-01,,519.5,2892.1,2372.5,,764,4657.8,3893.8,,391.2,1776.3,1385.1,,296.5,1241.4,944.9,,2267.7,12169.7,9902,,219.5,1329.1,1109.6,,77.1,273,195.9
1995-04-01,,511.4,1913.4,1402,,782.5,3275.5,2493,,354.3,1359.3,1004.9,,304.6,993.1,688.5,,2257.6,8695.2,6437.7,,228.8,940.7,711.8,,75.8,213.3,137.4
1995-05-01,,589.4,1523.4,934,,810.9,2694.2,1883.3,,398,1099.9,701.9,,354.4,785.9,431.5,,2470.2,6996.5,4526.3,,240.1,727.3,487.2,,77.4,165.8,88.4
1995-06-01,,665.5,1302.1,636.6,,928.7,1963.3,1034.6,,419.3,821.8,402.6,,339.8,601.8,261.9,,2686.7,5364.1,2677.4,,242.7,545.3,302.6,,90.7,129.8,39.1
1995-07-01,,499.6,874.3,374.7,,818.4,1753.4,934.9,,364.5,721.4,356.9,,290.7,516.9,226.2,,2286.5,4577.6,2291.1,,219.5,576.3,356.9,,93.9,135.3,41.4
1995-08-01,,581.1,1142.6,561.5,,856.5,1860.3,1003.7,,404.5,857.1,452.6,,327.9,619.5,291.6,,2546.7,5220.6,2673.9,,263.5,570.3,306.7,,113.1,170.8,57.7
1995-09-01,,552.9,1507.3,954.4,,867.6,2299.9,1432.3,,393.5,1114.9,721.4,,329.9,812,482.1,,2525.1,6605.1,4080,,288.2,693.2,405,,93,177.8,84.8
1995-10-01,,554.2,1551.8,997.6,,924.3,2616.4,1692.2,,402.1,1237,834.9,,336.3,894.5,558.1,,2600,7291.2,4691.2,,290.6,810.1,519.5,,92.6,181.5,88.9
1995-11-01,,546.1,2656,2109.9,,915,4296,3380.9,,421.3,1650.9,1229.6,,318.7,1258.6,939.8,,2576,11367.1,8791.1,,284.9,1236,951.1,,89.9,269.5,179.6
1995-12-01,,522.9,4016.2,3493.3,,870.9,6048.1,5177.3,,402.1,2209.8,1807.7,,328.4,1814.3,1485.9,,2569.9,16368.4,13798.5,,354.1,1905.9,1551.8,,91.5,374.1,282.5
1996-01-01,,555.1,4274.6,3719.5,,943.1,6123.2,5180.1,,415.1,2296.6,1881.5,,293.7,1674.6,1381,,2653.2,16752.9,14099.7,,352.6,1971.8,1619.3,,93.6,412,318.4
1996-02-01,,539,4015.9,3476.8,,999.3,6344.9,5345.5,,446.4,2041.9,1595.5,,270.6,1521.6,1251,,2648.8,15951.9,13303.1,,299.2,1573.2,1274,,94.2,454.4,360.2
1996-03-01,,532.3,3017.9,2485.6,,933.1,4654.5,3721.3,,439.5,1855.4,1415.8,,239,1130.5,891.5,,2540.6,12270.5,9729.9,,313.1,1303,989.9,,83.6,309.2,225.6
1996-04-01,,584.6,2127.7,1543.1,,967.6,3452,2484.3,,437.4,1462.4,1025,,285.8,888.9,603.1,,2718.3,9194.8,6476.5,,353.6,995.3,641.6,,89.2,268.6,179.4
1996-05-01,,603.2,1539,935.8,,1047.3,2689,1641.7,,477.2,1120.4,643.2,,304.5,703.7,399.2,,2898.3,7112.1,4213.8,,358.5,839.4,480.9,,107.6,220.7,113.1
1996-06-01,,614.8,1262.5,647.7,,986.1,2037.3,1051.2,,458.1,893.7,435.5,,296,546.7,250.7,,2766.9,5556.1,2789.3,,307.9,654.9,347,,103.9,161,57.1
1996-07-01,,580.4,1156.6,576.2,,913.8,1849.4,935.6,,452,852.7,400.6,,298.4,529.1,230.7,,2651.2,5126.2,2475,,312.3,590.7,278.5,,94.3,147.6,53.4
1996-08-01,,610.4,1241.6,631.3,,941.5,1965.2,1023.7,,470.5,928.6,458.1,,294.3,588.7,294.4,,2723.4,5491.5,2768.2,,307.4,607.3,300,,99.3,160.1,60.8
1996-09-01,,545,1546.8,1001.8,,978.7,2430.1,1451.3,,455.2,1212.6,757.4,,290,730,440,,2683.8,6853.5,4169.7,,326.1,743.9,417.8,,88.7,190.1,101.4
1996-10-01,,725.6,1976.2,1250.6,,1126,3160,2034,,496.3,1313.5,817.3,,313.3,904.4,591,,3127.1,8596.7,5469.6,,366.4,991.9,625.5,,99.5,250.6,151.2
1996-11-01,,700.7,2712.9,2012.2,,1103.8,4263.7,3159.8,,457.1,1679.4,1222.3,,286.7,1101,814.3,,2959.9,11318,8358.1,,326.5,1241.7,915.1,,84.9,319.3,234.4
1996-12-01,,646.1,3324.9,2678.8,,1100.4,4973.8,3873.5,,417.1,2147.5,1730.4,,281.2,1361.6,1080.4,,2897.1,13621.8,10724.7,,374.8,1445.5,1070.6,,77.5,368.6,291
1997-01-01,,631.9,4145.5,3513.5,,941.6,6332,5390.3,,400.5,2357.2,1956.7,,232.5,1615,1382.5,,2723.3,16752,14028.7,,435.5,1849.8,1414.4,,81.3,452.6,371.3
1997-02-01,,655.9,3550.8,2895,,999.5,5517.2,4517.8,,462.2,2195.1,1732.9,,234.1,1989.9,1755.8,,2804.7,15223.4,12418.7,,373.7,1566.3,1192.6,,79.4,404.1,324.7
1997-03-01,,662.9,3232.5,2569.6,,968.9,5067.2,4098.3,,400.9,1793.4,1392.5,,226.9,1265.6,1038.7,,2762.8,13226.6,10463.9,,422,1504.4,1082.4,,81.1,363.5,282.4
1997-04-01,,683.3,2476.4,1793.1,,1016.3,3355.3,2339,,444.7,1425,980.3,,242.3,1038.3,796,,2838,9594.5,6756.5,,369.4,1050.6,681.2,,82,248.9,166.9
1997-05-01,,712,1701.1,989.1,,998.3,2418.1,1419.8,,457.9,1139.1,681.2,,272.1,764.2,492.1,,2876.5,7020.5,4143.9,,349.8,807,457.2,,86.4,190.9,104.6
1997-06-01,,724,1477.9,753.9,,1034.3,2265.4,1231.1,,443.4,951.5,508.2,,305.1,658.6,353.6,,2906.3,6132.1,3225.8,,303.6,622.6,319,,96,156.1,60.1
1997-07-01,,692.7,1562.2,869.4,,981.7,1815.5,833.8,,423.5,883.2,459.7,,276.6,582.5,305.9,,2802.1,5614.5,2812.4,,327.7,612,284.3,,99.8,159.1,59.3
1997-08-01,,690.8,1431.2,740.4,,942.5,1901,958.5,,439.7,977.6,537.8,,280.6,751.1,470.4,,2757.7,5895.7,3137.9,,305.3,667.8,362.5,,98.8,167,68.3
1997-09-01,,668,1675,1007,,1009,2369.4,1360.5,,461,1264.9,803.9,,286.1,806.3,520.2,,2785.3,7048.8,4263.5,,269.8,739.6,469.7,,91.3,193.6,102.3
1997-10-01,,776.9,2103.8,1326.9,,1342.9,3240.7,1897.7,,525.6,1286.9,761.3,,307.6,895.6,588,,3340.4,8668.7,5328.4,,287.6,906.1,618.5,,99.6,235.6,136
1997-11-01,,709.2,2771.3,2062.1,,1313.8,4321,3007.2,,451.7,1532.3,1080.6,,275,1184.3,909.3,,3106.9,11366.1,8259.2,,269.5,1246.5,977,,87.7,310.6,223
1997-12-01,,806.5,3961.8,3155.3,,1589,5981.4,4392.3,,424.4,2503.9,2079.5,,305.1,1647.3,1342.1,,3499.4,16138.7,12639.3,,292.9,1627.2,1334.3,,81.4,417.1,335.7
1998-01-01,,726.1,3254.1,2528,,1431.3,4782.1,3350.8,,413.4,2275.1,1861.7,,299.4,1671.4,1372.1,,3220.3,13940.4,10720.2,,264,1546.2,1282.2,,86.1,411.5,325.4
1998-02-01,,719.7,3547.5,2827.8,,1450.7,5431.2,3980.5,,461.5,2249.9,1788.4,,276.4,1516.2,1239.8,,3271.4,14615.8,11344.4,,280.5,1506.2,1225.7,,82.7,364.8,282.1
1998-03-01,,763.1,2956.5,2193.5,,1327.2,4647.5,3320.3,,449.5,1968.7,1519.2,,285.4,1234.5,949.2,,3191.7,12563.3,9371.5,,282,1412.4,1130.5,,84.6,343.6,259
1998-04-01,,724.1,2004,1279.9,,1277.9,3231.8,1953.9,,424.3,1223.5,799.2,,301.8,924.5,622.7,,3105,8551.5,5446.4,,292,953,661,,84.9,214.6,129.7
1998-05-01,,684.3,1426.3,742,,1202.8,2310.3,1107.5,,448.9,1044.9,596,,284.9,638.3,353.4,,2969.6,6212.1,3242.5,,263.7,641.3,377.5,,84.9,151,66.1
1998-06-01,,764.1,1426.5,662.4,,1181.9,2212.1,1030.2,,495.6,1147.4,651.7,,297.5,591.6,294.1,,3117.6,6120.2,3002.6,,289.9,590.4,300.5,,88.6,152.3,63.7
1998-07-01,,717.9,1230.8,512.9,,948.4,1788.7,840.3,,447.3,913.1,465.8,,315.2,566,250.8,,2823.3,5181.7,2358.4,,299.6,538.1,238.5,,94.8,144.9,50.1
1998-08-01,,661.1,1230.2,569.1,,998.2,1818.8,820.6,,487.3,1005.2,517.8,,285.7,600.3,314.5,,2819.9,5352.9,2533,,292.3,542.9,250.6,,95.3,155.6,60.3
1998-09-01,,685,1405.6,720.6,,1081.4,2162,1080.6,,521.3,1201.8,680.5,,294,716.5,422.6,,2998.6,6379.5,3380.9,,316,698.9,383,,101,194.6,93.6
1998-10-01,,699.8,1687.7,987.9,,1001.2,2627.1,1626,,513.2,1279.5,766.3,,300.7,871.9,571.2,,2925.5,7583.9,4658.4,,301.4,863.1,561.7,,109.2,254.5,145.3
1998-11-01,,787.9,2188.3,1400.4,,1153.5,3198.1,2044.7,,474.2,1499.9,1025.7,,311.3,1042.7,731.4,,3095.9,9248.8,6153,,277.3,1014,736.6,,91.7,305.9,214.1
1998-12-01,,738.8,2739,2000.2,,1041,3572.7,2531.7,,488.4,1957.3,1468.8,,351.3,1369.7,1018.5,,2987.6,11263.5,8275.9,,282.8,1246.9,964.2,,85.4,378,292.6
1999-01-01,,634.1,3619.6,2985.5,,977.7,5436.9,4459.2,,566.2,2479.1,1912.9,,292.2,1604.3,1312.2,,2950.9,15792.4,12841.5,,368.9,2026.3,1657.4,,111.7,626.1,514.4
1999-02-01,,712.6,3590.4,2877.8,,1087.1,5532.6,4445.5,,453.3,2061.5,1608.3,,283.3,1582.8,1299.5,,3025.5,15462.2,12436.7,,357.6,2029.9,1672.2,,131.5,665,533.5
1999-03-01,,686.7,3370.9,2684.2,,854.5,4885.2,4030.8,,487.9,2038.1,1550.2,,267.3,1455.3,1188,,2715,13738.7,11023.7,,288.4,1431.6,1143.3,,130.3,557.5,427.2
1999-04-01,,572.9,1598.4,1025.5,,678.2,1987.5,1309.3,,395.8,1245.8,850,,346,963.2,617.2,,2386.4,6721.6,4335.2,,245.4,515.3,269.9,,148,411.4,263.4
1999-05-01,,519.5,1048,528.5,,591.9,1654.3,1062.4,,436,980.2,544.2,,287.3,718,430.7,,2190.8,5244,3053.2,,193.6,520.5,326.9,,162.5,323,160.5
1999-06-01,,543.2,952.1,408.8,,692.9,1162.9,470.1,,506.2,907.3,401.1,,334.8,642.5,307.6,,2481.5,4372,1890.6,,216.1,367.2,151.1,,188.2,340.1,151.9
1999-07-01,,463.3,810.1,346.8,,596.7,983.1,386.5,,459.3,793.2,333.9,,306.2,576.2,270,,2171.5,3734.2,1562.8,,180.2,272.9,92.7,,165.7,298.7,133
1999-08-01,,485.7,884.1,398.4,,687.8,1137.1,449.3,,485.2,866.2,381,,335.1,646.2,311.2,,2347.1,4177.5,1830.4,,182.8,319.7,136.9,,170.5,324.1,153.6
1999-09-01,,495.5,1007.6,512.1,,741.2,1308.9,567.7,,501.1,998.2,497.1,,313.2,627.8,314.6,,2435.5,4664.5,2229,,207.3,356.9,149.6,,177.2,365,187.8
1999-10-01,,513.6,1338.1,824.4,,757.1,1713.2,956.1,,480.1,1151.4,671.3,,312.5,859.6,547.1,,2422.8,6047.5,3624.6,,192,524.4,332.4,,167.5,460.8,293.3
1999-11-01,,497.7,1720.6,1222.9,,815.7,2214.6,1398.9,,557.2,1269.1,711.9,,364.3,1238.8,874.5,,2618.8,7639.3,5020.4,,226.9,652.1,425.2,,157.1,544.1,387
1999-12-01,,664.7,2867.1,2202.5,,1036,3886.5,2850.5,,564.4,1791.2,1226.8,,370.8,1644.9,1274.2,,3119.4,12135.9,9016.5,,330.1,1248.3,918.2,,153.5,697.8,544.4
2000-01-01,,631.5,3676.4,3044.9,,1081,5539.8,4458.8,,462.3,2052.6,1590.3,,321.6,1892.4,1570.8,,2943.9,15507.7,12563.8,,327.6,1607.9,1280.3,,119.9,738.6,618.7
2000-02-01,,643,3219,2576,,1089.4,5117.8,4028.3,,505.6,2125.4,1619.8,,330.2,1874.6,1544.4,,2984.3,14705.2,11720.9,,269.9,1634.2,1364.3,,146.1,734.1,588
2000-03-01,,727.3,2480.5,1753.2,,1016,3690.8,2674.8,,477.6,1616.1,1138.5,,330.7,1352.5,1021.7,,2965.3,10815.1,7849.8,,273.3,1135.1,861.8,,140.3,540.2,399.9
2000-04-01,,689.6,1857.3,1167.7,,1029.9,3122,2092.1,,408.3,1196.4,788.1,,289.7,1017.4,727.7,,2771.1,8425.4,5654.2,,224.8,822.6,597.8,,128.8,409.7,280.9
2000-05-01,,658.3,1350.5,692.2,,945.5,2235.4,1289.9,,503.9,1139.7,635.7,,356.9,894.7,537.8,,2888.5,6714.3,3825.9,,264.1,725.6,461.5,,159.8,368.5,208.7
2000-06-01,,650.1,1215.2,565.2,,947.6,1891.3,943.7,,527.4,1048.6,521.2,,355.8,746.1,390.3,,2937.8,5855.8,2918,,279.9,605.2,325.3,,177,349.3,172.3
2000-07-01,,558.7,976.2,417.5,,874.6,1571.6,696.9,,461.6,888.7,427.1,,281.9,564.4,282.5,,2557.7,4752.5,2194.9,,246.2,495.7,249.5,,134.6,256,121.4
2000-08-01,,621.7,1246.9,625.2,,953.4,1898.8,945.5,,509.3,1041.4,532,,300.5,701.5,401,,2816.4,5860.9,3044.5,,271.5,652,380.4,,160,320.4,160.4
2000-09-01,,627.5,1443.2,815.6,,949.1,2334.1,1385,,526.2,1225.3,699.2,,322.6,841.8,519.2,,2892.6,7102.4,4209.8,,313.7,896,582.3,,153.5,362,208.5
2000-10-01,,588.7,1680.6,1091.9,,778.6,2627.1,1848.5,,507.3,1196.6,689.3,,330,971.4,641.4,,2616.1,7723.8,5107.7,,255.3,844,588.7,,156.2,404.1,248
2000-11-01,,609.7,2300.1,1690.4,,823.8,3600.6,2776.8,,518.7,1332.3,813.6,,345.2,1201.5,856.3,,2700,10095.5,7395.5,,259.3,1150.6,891.3,,143.3,510.4,367.1
2000-12-01,,637.1,3452.5,2815.4,,1106.7,5102.5,3995.8,,525.3,1801,1275.7,,296.7,1636,1339.3,,2940.5,14416.5,11476,,237.4,1681.1,1443.7,,137.2,743.3,606.1
2001-01-01,,549.4,3961.3,3411.9,,979.4,5825.6,4846.2,,556.5,2093.7,1537.2,,346.9,1918.5,1571.5,,2796.8,16247.5,13450.7,,243.4,1697.8,1454.4,,121.1,750.7,629.6
2001-02-01,,554.6,3819.4,3264.9,,890.5,5957.3,5066.7,,551.8,2028.4,1476.5,,323.8,1716.2,1392.4,,2673.5,15938,13264.5,,216.5,1673.9,1457.4,,136.3,742.9,606.6
2001-03-01,,592,2999.2,2407.2,,905.3,4952.5,4047.1,,522.9,1733.7,1210.9,,344,1487.2,1143.2,,2714.2,13215.8,10501.6,,210.1,1405.1,1194.9,,139.8,638.2,498.3
2001-04-01,,614.6,2118.6,1504,,951.6,3235.5,2284,,444.9,1541.3,1096.3,,308.4,1085.3,776.9,,2671.3,9395.5,6724.2,,220.5,972.2,751.7,,131.2,442.5,311.3
2001-05-01,,680,1420.7,740.7,,1012,2254.1,1242.1,,522.8,1281.8,758.9,,350.1,761.3,411.2,,2951.3,6591,3639.7,,232.4,555.9,323.5,,154,317.2,163.2
2001-06-01,,661.8,1258.5,596.7,,1022.9,1985.6,962.7,,522.8,1080.3,557.5,,341.9,675.6,333.7,,2917.3,5723.6,2806.3,,219.5,447.6,228.1,,148.3,276,127.7
2001-07-01,,591.9,1078.7,486.8,,913.8,1749.9,836.1,,504.7,1002.8,498.2,,339.5,667.1,327.7,,2726.5,5216.6,2490.2,,222.6,443.5,220.8,,153.9,274.5,120.5
2001-08-01,,662.4,1245.6,583.2,,882.6,1767.8,885.2,,552.5,1124,571.4,,343.7,650.9,307.2,,2833.6,5559.5,2725.9,,226.7,462.7,236,,165.6,308.6,142.9
2001-09-01,,700.5,1529.9,829.4,,972.3,2233.9,1261.6,,517.7,1308.8,791,,321.3,748.7,427.5,,2865.5,6694.4,3828.8,,197.9,550.5,352.6,,155.8,322.6,166.8
2001-10-01,,760.3,1733.4,973.2,,846.9,2588.8,1741.9,,542.9,1386.4,843.5,,353.9,936.4,582.5,,2886.7,7633.1,4746.4,,215.2,592.1,376.9,,167.6,396,228.5
2001-11-01,,740.8,2578.8,1838,,985.9,3572.6,2586.7,,563.1,1478.8,915.8,,353.2,1142.2,789,,3036,10223.3,7187.3,,244.8,971.2,726.4,,148.2,479.7,331.5
2001-12-01,,693,2934.7,2241.6,,930.6,4413.5,3482.8,,535.8,1867.4,1331.5,,315.2,1311.7,996.6,,2799.7,11988.9,9189.2,,188.9,910.8,721.9,,136.2,550.9,414.8
2002-01-01,,706.6,3955.8,3249.2,,952.1,5640.2,4688.1,,564.9,2108.1,1543.1,,333.2,1606,1272.8,,2910.6,15189.7,12279.1,,224.3,1205.2,980.9,,129.4,674.5,545.1
2002-02-01,,631,3379.3,2748.3,,851.4,5023.3,4171.9,,553.8,2046.8,1493,,306.6,1530.8,1224.2,,2647,13733.8,11086.8,,182,1102.4,920.4,,122.3,651.3,529.1
2002-03-01,,660.2,2867.3,2207.1,,837.2,4178.3,3341.2,,517.7,1866.3,1348.6,,292.2,1270.9,978.7,,2619.9,11648,9028.1,,188.7,932.4,743.7,,123.9,532.7,408.8
2002-04-01,,714.7,2252.6,1537.9,,977.1,3103.1,2126,,504.4,1570.6,1066.2,,342,1023.3,681.4,,2898.2,9133.7,6235.5,,213.4,740.2,526.8,,146.6,444,297.4
2002-05-01,,738.9,1632.2,893.3,,985.5,2438,1452.5,,535.8,1424.9,889.2,,351.2,881.1,529.9,,2982.5,7387.9,4405.5,,212.7,592.7,380.1,,158.4,419,260.7
2002-06-01,,710.6,1359,648.3,,918.8,1924.1,1005.3,,540.4,1092.2,551.8,,337.4,650.2,312.8,,2869.1,5723.2,2854.1,,207.2,421.1,213.9,,154.7,276.6,122
2002-07-01,,600.5,1120.2,519.6,,809.8,1691.7,881.9,,551.4,1020.3,468.9,,318.7,595.4,276.7,,2660.6,5151.8,2491.2,,214.5,426.3,211.8,,165.7,298,132.3
2002-08-01,,709.2,1226.4,517.2,,999.7,1926.5,926.8,,579.7,1132.2,552.5,,339.6,595.5,255.8,,3028.8,5632.3,2603.5,,231.9,437.7,205.8,,168.7,314.1,145.4
2002-09-01,,713.5,1470.8,757.3,,1005.4,2192.7,1187.2,,549.5,1227.3,677.8,,339.4,708.1,368.7,,2986.9,6433.4,3446.5,,213.4,490.8,277.4,,165.6,343.7,178.1
2002-10-01,,791.4,2102.1,1310.8,,1129.7,3384.2,2254.5,,591.5,1715.9,1124.5,,416.4,1110.7,694.4,,3345.5,9550.3,6204.8,,233.4,695.1,461.7,,183.2,542.1,359
2002-11-01,,739.8,2782.2,2042.4,,1112.4,4483.1,3370.7,,547,1998,1451,,359.6,1279.9,920.4,,3130.1,12041.8,8911.7,,221.3,841.5,620.3,,150.1,657,506.9
2002-12-01,,798.5,3879.9,3081.4,,1074.9,6126.8,5051.9,,554.9,2428,1873.2,,359.2,1702.3,1343.1,,3160.1,16303.3,13143.2,,231.7,1319.1,1087.4,,140.9,847.1,706.2
2003-01-01,,1051.9,5019.7,3967.8,,1763.2,6921.6,5158.4,,714.3,3134.4,2420.1,,536.8,2084,1547.3,,4635.2,19566.5,14931.3,,342.2,1460.8,1118.6,,226.9,946,719.2
2003-02-01,,1029.9,4606.7,3576.8,,1815.8,6913.1,5097.4,,745.3,2827.8,2082.5,,527.1,1817,1289.9,,4646.8,18369.1,13722.3,,323.5,1311.2,987.7,,205.2,893.2,688
2003-03-01,,943.3,3376.4,2433.1,,1483.5,5080.9,3597.5,,675.6,2097.8,1422.2,,482.7,1447.8,965.1,,4087.8,13896.7,9808.9,,297.8,1149.6,851.8,,204.9,744.1,539.2
2003-04-01,,926.7,2557.8,1631.1,,1326,3915.3,2589.4,,626.3,1709.3,1083,,416,1146.3,730.3,,3750,10769.5,7019.5,,271.4,904.4,633,,183.6,536.5,352.9
2003-05-01,,815.6,1768.3,952.7,,1215.2,2585.8,1370.7,,579,1338.7,759.7,,406.1,804.7,398.6,,3458.5,7488.1,4029.5,,256.6,603.8,347.2,,186.1,386.7,200.6
2003-06-01,,709.4,1346.6,637.2,,1152,2074.5,922.5,,621.8,1096.4,474.6,,350.4,617.5,267.1,,3289.8,6010.4,2720.7,,256.3,503,246.7,,199.9,372.5,172.6
2003-07-01,,733.4,1253.6,520.3,,1049.6,1864.4,814.8,,639.9,1128.9,489,,381.1,637,255.9,,3278.6,5705.4,2426.8,,283.3,491.1,207.8,,191.4,330.4,139
2003-08-01,,723.8,1279.6,555.8,,1001.4,1833.8,832.4,,604.6,1153.9,549.3,,378.1,647.8,269.7,,3192.9,5796.3,2603.4,,286.4,515.6,229.3,,198.6,365.5,167
2003-09-01,,780.2,1910.4,1130.3,,1139.1,2375.2,1236.1,,660.1,1468,807.9,,407.9,808.7,400.8,,3479.2,7671.1,4191.9,,286.9,600.3,313.5,,205.1,508.5,303.4
2003-10-01,,838.2,2203.2,1365.1,,1289.5,3153.6,1864.1,,764.5,1756.6,992.1,,479.5,1090.6,611.1,,3864.5,9459.8,5595.4,,273.7,704.8,431.1,,219.1,551,331.9
2003-11-01,,815.4,2452.1,1636.7,,1296.7,3456,2159.3,,659.6,1827.5,1168,,486.7,1209.7,723,,3745.4,10322.8,6577.4,,272,775,503,,215.1,602.6,387.4
2003-12-01,,1040.8,4063.3,3022.5,,1574.4,5336,3761.5,,767.7,2577.7,1810,,639.1,1889.7,1250.6,,4571.6,15886.5,11314.9,,303.6,1182.8,879.2,,246,837.1,591.1
2004-01-01,,1104.2,5473.1,4368.9,,1788.2,7035.9,5247.7,,817.3,3057.6,2240.3,,664.3,2344.4,1680.1,,4943.9,20823.7,15879.8,,328.1,1767.8,1439.7,,241.8,1145,903.2
2004-02-01,,989.1,4495.1,3506,,1596.8,5517.7,3920.9,,834.8,2755.4,1920.6,,548.3,1842,1293.7,,4470.8,16885,12414.2,,282.5,1372.6,1090.1,,219.2,902.1,682.9
2004-03-01,,1013.9,3272.6,2258.7,,1565,4715.9,3150.9,,678.2,2229.1,1550.9,,492.1,1363.4,871.3,,4321.4,13846,9524.6,,335.7,1522.5,1186.8,,236.5,742.6,506.1
2004-04-01,,1001.2,2473.4,1472.2,,1345.3,3291.3,1946,,635.5,1719,1083.5,,422.9,1077,654,,3912.7,10277.6,6364.9,,297.2,1155,857.8,,210.5,562,351.5
2004-05-01,,945.4,1554.8,609.5,,1047.9,1895.5,847.5,,637.5,1244.9,607.5,,386.9,629.6,242.7,,3488.4,6337.5,2849.1,,287.4,651.5,364.1,,183.3,361.2,177.9
2004-06-01,,998,1546.7,548.7,,1144.6,1952.7,808.1,,721.6,1283,561.4,,424,717.6,293.6,,3771.8,6455.9,2684.1,,276.7,578.4,301.7,,206.9,377.5,170.6
2004-07-01,,834.4,1276.3,442,,1107.5,1786.3,678.8,,656.8,1075.7,418.9,,388.6,601,212.4,,3433.6,5539.5,2105.9,,259.1,455.7,196.6,,187.3,344.5,157.1
2004-08-01,,696.5,1341.5,645,,1027.9,1805.2,777.2,,645,1169.3,524.3,,399.1,695.3,296.2,,3291.2,6022.4,2731.2,,323.7,617.8,294.2,,198.9,393.3,194.4
2004-09-01,,756.4,1557.5,801.1,,1107.8,2214.1,1106.3,,680,1374.2,694.2,,448,811.9,363.9,,3532,7178.5,3646.5,,333.9,787,453.1,,205.8,433.8,228
2004-10-01,,827.1,1895.9,1068.8,,1218.7,2617.9,1399.2,,674.9,1514.7,839.8,,468.4,1029.3,560.9,,3716.6,8398,4681.4,,329.4,840.3,510.9,,198.1,500,301.8
2004-11-01,,922.5,2576.1,1653.6,,1374.7,3707.8,2333.1,,720.5,1855.4,1134.9,,485.9,1277.7,791.8,,4068.7,11338,7269.3,,320.9,1189.2,868.3,,244.2,731.8,487.7
2004-12-01,,1021.4,3717.6,2696.2,,1586.6,4973.4,3386.7,,800.5,2577.9,1777.4,,531.2,1733.8,1202.6,,4504.3,15572.4,11068.1,,319.8,1634.7,1314.8,,244.8,935,690.2
2005-01-01,,1024.5,4052.3,3027.9,,1689.5,5709.5,4020.1,,736.3,2639,1902.7,,596.7,1976.2,1379.5,,4561.5,17157.5,12596,,279.2,1767.1,1487.9,,235.4,1013.3,777.9
2005-02-01,,918.7,3691,2772.3,,1710.5,5293.1,3582.6,,674.1,2318.6,1644.5,,565.5,1831.5,1266.1,,4383.5,15836.8,11453.3,,267.4,1729.2,1461.8,,247.4,973.4,726
2005-03-01,,865,3382.9,2517.9,,1547,4660.5,3113.6,,664.5,1988.4,1323.9,,529.8,1608,1078.2,,4130.5,13984.8,9854.2,,285.2,1481,1195.8,,239,863.9,624.9
2005-04-01,,745.8,1816.4,1070.6,,1255.4,2677.1,1421.7,,565.7,1478.2,912.5,,417.8,911.4,493.6,,3476.9,8231.5,4754.7,,299.5,853.5,553.9,,192.7,495.1,302.4
2005-05-01,,764.8,1528.5,763.7,,1178.2,2409.5,1231.3,,634.3,1572.6,938.3,,436.1,892.9,456.8,,3457.7,7618.8,4161,,240.2,726.5,486.3,,204.2,488.9,284.7
2005-06-01,,937.4,1464.7,527.4,,1248,2393.7,1145.6,,657.9,1374.8,716.9,,470.8,762.9,292.1,,3873.1,7077.5,3204.4,,342.1,673.1,331.1,,217,408.3,191.3
2005-07-01,,692.5,1107,414.5,,1098.2,1780.7,682.5,,612.2,1203.2,591,,415.7,643.7,228,,3326.2,5669.5,2343.4,,308.7,558.3,249.5,,198.9,376.6,177.8
2005-08-01,,747.6,1340,592.5,,1153.2,2073.4,920.2,,626.5,1318,691.6,,430.3,710,279.7,,3501.1,6592,3090.9,,334.6,690.6,356,,209,459.9,250.9
2005-09-01,,800.4,1399.2,598.8,,1170.3,2220.7,1050.3,,622,1425.9,803.9,,407.3,744.9,337.6,,3509.5,6896.4,3386.8,,305.3,674.7,369.4,,204.2,430.9,226.7
2005-10-01,,710.7,1800.8,1090.2,,1166.1,2539.2,1373.1,,614.7,1461.5,846.8,,411.5,832.2,420.6,,3365.4,7830.5,4465.1,,259.8,705.7,445.9,,202.5,491.1,288.5
2005-11-01,,886.5,2505.1,1618.6,,1412.9,3696.6,2283.8,,728.9,1970.9,1242,,489.1,1171.1,682,,4044.1,11077.7,7033.6,,315.2,1112.6,797.4,,211.6,621.5,409.9
2005-12-01,,1025.4,3541.4,2516,,1534.6,5039.7,3505.1,,818.2,2652.7,1834.5,,608.8,1622.5,1013.7,,4536.4,15307.2,10770.8,,324.8,1637.3,1312.5,,224.6,813.7,589.1
2006-01-01,,996.1,3232.4,2236.3,,1365.6,4502.6,3137,,767,2764.4,1997.4,,513.7,1429.3,915.6,,4130.4,14180.6,10050.2,,289,1491.1,1202.1,,199.1,760.9,561.8
2006-02-01,,962.5,3471,2508.5,,1238.4,4551.2,3312.8,,763.1,2815.7,2052.6,,548.4,1586.1,1037.8,,4037.6,14793.8,10756.2,,294.3,1602.1,1307.8,,231,767.7,536.7
2006-03-01,,833.6,3008.4,2174.7,,1307.3,4262,2954.6,,785.1,2542.9,1757.8,,522.8,1378.3,855.5,,3972.7,13353.8,9381.2,,315,1438.9,1123.8,,208.8,723.5,514.6
2006-04-01,,854.8,1746.2,891.4,,1075.8,2428.7,1352.9,,,1622.7,966.7,,396.8,851.5,454.7,,3466.9,7984.6,4517.6,,291.3,869.2,577.9,,192.2,466.2,274
2006-05-01,,923.6,1588.9,665.3,,1022.1,2141.6,1119.5,,,1446.5,760,,424.3,804.5,380.2,,3565.5,7148.7,3583.3,,309.5,717.7,408.2,,199.4,449.5,250.2
2006-06-01,,876.3,1469.8,593.5,,1085.5,1889.7,804.2,,663.9,1208.1,544.2,,408.4,664,255.6,,3577.8,6261.4,2683.6,,341.3,635.2,293.9,,202.5,394.6,192.1
2006-07-01,,709.2,1127.7,418.5,,959.1,1590.5,631.5,,785.5,1287.1,501.6,,327.3,519.9,192.6,,3264.6,5428.6,2164,,297.1,507.4,210.3,,186.5,396,209.6
2006-08-01,,785,1298.5,513.5,,1018,1684.8,666.8,,688,1323.1,635.1,,379.3,623.9,244.5,,3401.8,5944,2542.3,,333.5,638,304.5,,198,375.8,177.9
2006-09-01,,767.3,1387.2,619.8,,1001.4,1901.4,900,,747.8,1573.8,825.9,,411,715,304,,3400.9,6605.7,3204.8,,294.6,652.3,357.7,,178.7,376,197.3
2006-10-01,,834.1,1859.2,1025.1,,1102.9,2458.7,1355.8,,671.8,1643.7,971.9,,388.8,866.5,477.7,,3472.3,8118.6,4646.3,,286.1,813.8,527.7,,188.5,476.6,288.1
2006-11-01,,811.2,2147.2,1336,,1116.8,2846.7,1729.8,,659,1908.8,1249.8,,431.8,1023.9,592.1,,3490.2,9501.6,6011.4,,290.1,1017.9,727.7,,181.2,557.2,376
2006-12-01,,811.1,2616,1804.9,,1215.9,3439.9,2224.1,,621.7,2266.1,1644.4,,445.4,1230,784.6,,3549.6,11379.3,7829.6,,294.6,1256.8,962.3,,161,570.4,409.4
2007-01-01,654.6,,3197.7,2380.4,758.7,,4518.6,3245.1,709.2,,2875.8,2031.7,357,,1683.7,1141.5,2817.3,,14695.9,10750.3,221.1,,1685.5,1393.6,116.6,,734.5,558
2007-02-01,691.6,,3828.3,2937.4,789.5,,5324.3,3872.5,711.8,,3424.8,2498,374.3,,1875.8,1308.4,2901.2,,17184.5,12868.2,219.4,,1920.7,1625.3,114.6,,810.7,626.7
2007-03-01,640.2,,2955.7,2144.8,796.8,,4005.5,2778.5,641,,2564.1,1811.3,370.9,,1428.9,899.8,2814.7,,13102.6,9307.2,244.2,,1485.5,1180,121.6,,662.9,492.7
2007-04-01,,,2173.7,,,,,,548.8,,1881.6,,301.5,,1048.1,643.6,,,9632.2,6345.4,,,1065,,124.7,,,307.7
2007-05-01,739.3,,1520.9,712.1,952.4,,2190.5,1021.8,550.4,,1500.6,911.7,330.9,,771.8,392.6,3002.8,,7126.5,3673.7,274.9,,720.1,399,154.8,,422.6,236.5
2007-06-01,751.7,,1280.3,461,895.6,,1679,585.9,574.1,,1094.4,483.7,356.1,,645.4,265.6,2967.1,,5588.6,2211.3,226.5,,521.3,236.5,163.1,,368.2,178.6
2007-07-01,720.3,,1175.9,379.7,813.9,,1519.4,534.5,517.2,,938.1,392.4,339.9,,577.7,211.2,2808,,5082.7,1900.7,249.7,,514.7,216.6,166.9,,356.9,166.2
2007-08-01,774.3,,1297,447.5,871.9,,1569.2,504.1,534.5,,1029,459.7,336.7,,602.7,242.2,2942.3,,5505.8,2152.9,239.9,,565.4,274.4,185,,442.5,225.1
2007-09-01,703.2,,1367.6,593.2,869.9,,1659.9,612.5,539.7,,1152.1,577.7,329,,671,317,2866.1,,5868.6,2605.1,250.7,,628.8,323,173.5,,389.1,181.7
2007-10-01,766.5,,1700,861.5,1035.2,,2209.5,953.5,663.5,,1473.3,769.5,404.2,,859.7,407.7,3336.9,,7500.9,3645.2,283.4,,786,421.2,184,,472.4,231.7
2007-11-01,723.2,,2467.1,1625,930.6,,2950.6,1764.9,593.6,,1814.3,1153.5,380.2,,1126,667.1,3026.6,,9981.9,6310.3,237.2,,1047.9,740.7,161.8,,575.9,359
2007-12-01,682.9,,3314.4,2390.3,915.9,,3891.3,2640.9,615,,2709.2,2013.2,410.1,,1726.9,1173.7,3030.4,,13942.4,9978.5,252.6,,1579.8,1252.5,153.8,,720.8,507.9
2008-01-01,623.9,,3515,2781.9,919.6,,3999.3,2910.6,616.8,,2584.6,1939.3,355.1,,1682.5,1300.2,2945.6,,14096.7,10753,271.5,,1610.8,1311.8,158.7,,704.5,509.3
2008-02-01,658.6,,3473,2727.5,787.6,,3906.3,2949.2,597.8,,2463.7,1839.8,374.9,,1522.2,1121.2,2836.6,,13594.8,10372,247,,1540.3,1252.4,170.8,,689.2,481.8
2008-03-01,677,,2831.1,2099.7,799.2,,3190.6,2236,,,2162.7,1584.3,311.4,,1211.9,886.3,2741.4,,11157.1,8104.3,252.8,,1173,883.6,,,587.7,414.4
2008-04-01,,,2057.9,1220.2,920.5,,2524.4,1447.7,,,1492,972.1,341.8,,886.4,530.4,2997.8,,8295.3,4994.5,277.6,,867.2,550.2,158.6,,467.4,273.9
2008-05-01,,,1409.3,612.7,953.3,,1770.1,658.5,,,1187.1,617,333.7,,668.5,314.8,3050.1,,6048.9,2677,,,624.8,302.9,180,,389,171
2008-06-01,,,1210.7,407.7,1016.4,,1531.8,397.4,,,989.7,387.4,332.7,,532.1,182,3178.2,,5123.6,,,,543.4,186.9,175,,315.9,
2008-07-01,695,,1078,337.9,909.7,,1436,360.6,,,898.6,322.6,329.9,,527,169.5,2948.6,,4724.2,1431.4,,,486.6,153,174.9,,297.9,87.6
2008-08-01,,,1149.8,412.6,916.9,,1486.8,411.6,,,836.3,322.2,324.6,,517.7,177.6,2897.8,,4824.4,1619.5,,,550.2,201.8,167.7,,283.5,93.6
2008-09-01,,,1343.1,593,958.3,,1842.7,749.8,,,1233.2,603.5,391.4,,762.1,358.7,3146.2,,6229.4,2809.3,,,647.3,320.2,194.9,,401,184.1
2008-10-01,,,1860.1,1069.2,1026.5,,2190.5,1052.4,,,1574.4,992.6,398.2,,898.3,491.5,3295,,7826.4,4311.5,,,884.5,499.7,195.9,,418.7,206
2008-11-01,,,2119,1407.4,842.7,,2622.3,1620.3,463,,1458.1,979.5,331.5,,947.7,594.6,2704.9,,8504.8,5507.9,,,927.7,647.2,156.9,,430,259
2008-12-01,685.5,,3262.6,2519.4,910,,3678.6,2605.3,457.5,,2268.6,1789.7,358,,1484.5,1093.3,2861.1,,12691.8,9501.5,,,1387.2,1068.5,,,610.3,425.4
2009-01-01,702.7,,4063,3299.2,868,,4317.9,3307.6,521.5,,2445.6,1895,347,,1767.3,1381.6,2840.8,,15050.4,11895.2,,,1740.8,1469,,,715.8,542.8
2009-02-01,,,3531.3,2843.3,789.9,,3514.5,2596.5,508,,2087.3,1552.7,310.8,,1447.9,1102.9,2628,,12675.1,9742.2,,,1488.3,1220.5,148.4,,605.9,426.3
2009-03-01,,,2727.6,2047.6,749,,2932.9,2036.7,441.8,,1774.6,1313.1,283.5,,1215.9,905,2473.5,,10339.6,7570.9,,,1197.8,920.4,129,,490.8,348
2009-04-01,,,1875.1,1145.1,823.5,,2079.5,1147.7,,,1118.9,705.6,267.9,,800,515.9,2617,,7120.8,4274.9,,,846.2,545.2,,,401.1,215.4
2009-05-01,,,1301.8,539.5,799.9,,1393.9,482.7,,,876.7,404.6,285.3,,527.5,226.1,2719.7,,5024.4,,,,585.4,281.1,179.3,,339,
2009-06-01,,,1169.6,356.8,861,,1331.2,352.8,,,889.8,353,306,,528.6,206,2913.6,,4774.6,,,,503.7,191.1,191.2,,351.6,
2009-07-01,,,1056.2,289.1,851.3,,1246.7,282.6,,,716.9,210,286.8,,426,123,2852.9,,4275.2,,,,504.3,156.7,189.1,,325.2,
2009-08-01,,,998.8,270.8,849.2,,1225.2,271.2,,,765.8,214.5,293,,437.9,126.9,2769.3,,4121.5,,,,397.9,112.5,174.2,,295.9,
2009-09-01,,,1440.3,648,943.4,,1513.5,466.1,592.4,,1215.7,596.9,317.2,,583.3,246.9,3143.5,,5843.6,,,,665.5,308.4,211.8,,425.3,
2009-10-01,,,1656.2,903.1,854.8,,1745,794.5,541.3,,1289.1,721.6,322.6,,806.4,466.2,2915,,6722.2,3563.6,,,793,465.3,,,432.5,212.9
2009-11-01,,,1821.7,1123.5,834,,1880.3,950.9,535.2,,1337.5,780.5,289.6,,838.9,535,2716.6,,7066.7,4126.3,,,757,496.4,159.7,,431.2,240.1
2009-12-01,671.9,,2753.5,2019.8,918.2,,3581.7,2572.6,544.5,,1967.9,1392.9,314.6,,1355.9,1012.1,2904.8,,11698.2,8525.8,,,1432.7,1125,,,606.4,403.5
2010-01-01,639.7,,3237.2,2535.8,774.8,,3557.2,2672.8,500.7,,1837.1,1308.1,279.1,,1383.2,1071.6,2625.5,,12127.6,9214.4,,,1512.4,1211.9,,,600.6,414.1
2010-02-01,645.3,,3163.3,2453,762.6,,3438.4,2566,451.5,,1717.5,1241.5,266.4,,1300.3,997.7,2552.4,,11698.9,8858.5,,,1437.1,1149.9,,,642.4,450.3
2010-03-01,651.2,,2153.5,1442.6,837.2,,2435.5,1481.9,433.9,,1295.4,842.6,279.3,,925.4,625.9,2627,,8322.2,5431.4,269.7,,1036.4,748.1,155.6,,476,290.2
2010-04-01,,,1584.2,747.7,884.2,,1796.2,814.7,,,1031.1,536.3,308.2,,709,385.8,2952.4,,6298.8,3126.5,,,759.5,426.5,,,418.8,215.6
2010-05-01,,,1288,514,869.7,,1369.9,420.2,,,840.7,375.6,311.7,,603.4,277.2,2883.1,,5063.8,1988.5,,,581.3,244.9,,,380.4,156.6
2010-06-01,,,1183.6,370.4,935,,1309.4,303.8,,,867.4,249,358.6,,547.7,173.2,3245.9,,4821.3,1380.3,,,570.6,181.3,204.3,,342.6,102.6
2010-07-01,,,1020,251.6,901.4,,1206.7,238.5,,,807.6,196.9,321.6,,454.1,116.5,3039.8,,4260.8,1047.1,,,472.5,143.9,179.8,,299.8,99.7
2010-08-01,,,1115.5,337.9,894.5,,1241.4,283.8,,,871.2,251.4,329.7,,494.3,149.5,3067.1,,4583.6,1333.3,,,505.6,171.8,,,355.6,138.9
2010-09-01,810.2,,1304.6,435.2,1092.2,,1550.2,397.9,,,1006.8,384.2,333.8,,585.4,,3366.7,,5453.2,,,,602.1,281,210.4,,404.2,158.6
2010-10-01,760.7,,1584.3,768.7,835.1,,1580.4,683.4,,,1055.6,508.7,323.4,,711.3,372.7,2931.1,,6014.9,,,,701,,180.5,,382.4,169
2010-11-01,728.8,,2060.4,1272.1,860.2,,1995.5,1061.4,,,1369.1,788.2,336.9,,950.5,598.1,2992.1,,7852.6,4689.8,,,968.9,677.6,211.4,,508.3,292.5
2010-12-01,765,,3207.6,2418.6,962.2,,3318.3,2282.4,568.2,,1929.4,1338.3,345.3,,1394.7,1022.1,3187.8,,11995.8,8650.4,,,1504.9,1172.5,,,641,416.6
2011-01-01,716.3,,3309.3,2566.5,,,3607.9,2562.9,522.8,,2046.3,1500.1,329.5,,1467.6,1107.3,3053,,12650.5,9443,,,1529.2,1234.1,210.2,,690.3,472.2
2011-02-01,699.6,,3131.8,2406.3,,,3255.9,2346.3,539,,2022.4,1459.2,324.6,,1426.5,1068.9,2933.1,,11961.4,8886,,,1441.9,1146,218.4,,682.9,459.4
2011-03-01,754.8,,2468.2,1695.7,,,2611.8,1719.4,491.3,,1643.4,1131.2,288,,1082.2,775.9,2895.9,,9496.7,6503.8,,,1117.5,816.2,205.5,,573.7,365.4
2011-04-01,738.4,,1733.9,989.9,827.5,,1827.5,959.5,,,1148.6,674,273.5,,733.6,450.9,2761.6,,6628.8,3798.8,,,788.5,505.5,,,396.7,218.9
2011-05-01,787.6,,1281.3,488.2,,,1455,498.9,,,893.5,390.4,293.3,,549.2,245.6,3049,,5073.1,1964,,,551.1,222.4,,,343.1,118.5
2011-06-01,856.8,,1167.7,303.7,,,1346.2,312.7,,,870.2,246.9,335.5,,506,157.3,3369.6,,4740.6,1281.2,,,508.2,176.8,,,342.3,83.7
2011-07-01,742.7,,960.6,210.1,,,1243.1,253.6,,,826.9,203,302,,413,100.1,3147.1,,4198.9,970,,,463.2,128.3,,,292.1,74.9
2011-08-01,809.3,,1161.5,344.1,1078.2,,1472.7,344.4,,,967.5,300.9,336.1,,509.5,161,3475.8,,5048.7,1476.5,,,557.7,199.5,250.5,,379.7,126.6
2011-09-01,811.4,,1256.2,439.2,1018.3,,1704.1,651.4,,,1212.5,503.4,324.8,,617,279.5,3454.7,,5859,2320.4,,,617.2,263,263.6,,451.9,183.9
2011-10-01,813.9,,1514.8,696.2,1034.6,,1742.6,678,,,1161.4,535.6,332.7,,704.9,360.7,3361.8,,6276.5,2846.2,,,702.9,378.2,,,449.9,197.4
2011-11-01,1168.8,,2425,1245.7,1030.6,,2163.1,1089.1,,,1329.8,731.7,317.1,,921.6,586.6,3655.1,,8213.7,4463.4,,,916.7,589.9,234.8,,457.4,220.5
2011-12-01,948.7,,2722.3,1755.7,1033.2,,2696.6,1619.9,531.9,,1684.8,1128.5,281.3,,1011.9,710.9,3339.8,,9743.8,6292.4,,,1112.5,784.4,,,515.7,293.1
2012-01-01,671.5,,2790.1,2100.7,,,2875.1,1929.3,516.8,,2050.4,1513.2,274.4,,1270.4,966,2843.2,,10861.2,7907.5,,,1291.2,1005.6,189,,584,392.7
2012-02-01,787,,2544.6,1735.4,852.2,,2597.6,1704.7,538.7,,1858.3,1298.7,260.7,,1162,875.2,2921.7,,9902.1,6866.9,,,1172.8,881.4,,,566.9,371.4
2012-03-01,667.8,,1844,1162.3,928.2,,2062.5,1099.8,,,1313.7,835.7,256.4,,818.3,544.4,2786.2,,7311.5,4434.3,,,836.1,540.2,182.9,,436.9,251.9
2012-04-01,712.1,,1370.7,653.4,992.3,,1713.3,689.1,,,1025.1,570.9,273.7,,580,295.9,2901.4,,5716.1,2748,,,638.2,358.7,,,388.9,180.1
2012-05-01,,,1343,557.4,,,1519.5,455,,,1045.2,447.8,261.6,,539,266.1,3186.3,,5345,2091.2,,,543.5,239.6,227.4,,354.8,125.4
2012-06-01,,,1086.6,337.7,1100.1,,1448,326.1,,,891.8,276.2,285.2,,448.8,152.7,3289,,4744.3,1384.3,,,489.3,178.8,264.1,,379.8,112.8
2012-07-01,686.9,,976.2,281.3,1028.3,,1314.9,270.5,,,867.5,226.4,296.3,,434.5,126.7,3126.6,,4315.5,1122,,,435.1,148.2,215.8,,287.3,68.9
2012-08-01,742.4,,1061.8,319.5,,,1452.1,309.3,,,949.5,270.1,,,474.2,148.5,3409.4,,4770.1,1312.4,,,493.8,171.3,,,338.6,93.8
2012-09-01,,,1047.9,380.2,,,1393.1,379.1,,,1005,383.3,,,506.2,201,3148,,4915.9,1714.7,,,540,227.5,,,423.7,143.6
2012-10-01,,,1401.3,678.2,,,1849.2,710.6,,,1167.5,547.9,317.5,,701.8,375.4,3348.7,,6257.6,2860.1,,,704.9,361.9,,,433,186.1
2012-11-01,,,2186.7,1477.3,,,2084.9,967.7,,,1407.2,816.1,321,,893.9,558.8,3215,,7969.7,4690,,,871.8,571.9,,,525.2,298.1
2012-12-01,,,2403.4,1646.4,,,2808.3,1739.2,,,1715.5,1182.6,295.3,,1066,748.3,3117,,9529.2,6329.6,,,948.7,642.2,,,587.4,370.9
2013-01-01,720,,2973.5,2253.5,,,3535.5,2416.2,,,2061.8,1476.3,,,1387.9,1077.8,,,11977.1,8675.3,313.2,,1216.6,903.4,,,801.7,548
2013-02-01,712,,2823.6,2111.6,,,3448.8,2361.3,,,1906,1346.2,,,1262.2,952,,,11259.8,8025.3,348.6,,1152.5,803.9,,,666.7,450.3
2013-03-01,694.8,,2264.6,1569.8,,,2669.6,1688,,,1459.3,974.5,,,983.7,645.7,,,8779,5771.3,308.8,,852.6,543.8,,,549.1,349.4
2013-04-01,696.5,,1582.6,886.1,,,2222.3,1092.6,,,1216.2,723.3,,,796.3,460.7,3191.3,,6967.4,3750.6,340.5,,653.7,313.2,,,496.3,274.8
2013-05-01,689,,1131.3,442.3,,,1636.6,511.4,,,1059.9,432.5,,,582,264.3,,,5302.5,1963.1,334.7,,516.7,182,,,376,130.5
2013-06-01,625.7,,889.2,263.6,,,1370.9,314.3,,,964.7,303.7,,,494.2,156.8,,,4510.2,1259.7,342.1,,448,106,,,343.2,115.4
2013-07-01,637,,857.2,220.2,,,1373.8,302.7,,,988.1,323.8,,,486.4,143.7,,,4509,1187,371.9,,477.4,105.5,,,326.1,91.1
2013-08-01,644.7,,943.4,298.6,,,1411.1,345.2,,,975.4,293.4,,,475.3,139.9,,,4676.5,1311.7,393.8,,497.6,103.8,,,373.6,130.8
2013-09-01,725.2,,1129.3,404.1,,,1502.9,527.9,,,1147.2,473.3,,,592.8,246.8,,,5335.9,2007.2,366.4,,547,180.6,,,416.8,174.5
2013-10-01,728.5,,1491.1,762.6,,,1932.7,896.6,,,1358.6,594.8,,,760,376.9,3522.4,,6618.6,3051.1,395.4,,611,215.6,,,465.3,204.6
2013-11-01,763,,1971.3,1208.3,,,2505.3,1497.7,,,1684.6,1058,,,1027.9,594.9,,,8477.2,5028.3,392,,775.6,383.6,,,512.5,285.8
2013-12-01,785.2,,2684.4,1899.1,1198.8,,3713.7,2514.6,613.8,,2278.2,1639.9,345.9,,1349,989.5,3559.8,,11626.2,8026.2,403.5,,941.4,537.9,212.7,,659.5,445.1
2014-01-01,812.2,,3122.3,2310.1,,,4060.6,2979.5,529,,2186.7,1637.6,,,1601.6,1151.8,3584.2,,13174,9555.4,503.6,,1472.3,968.7,,,730.4,507.6
2014-02-01,721.6,,2945.6,2224,,,3596.2,2590.3,,,2066.9,1470.6,,,1473.4,1111.8,,,11988.1,8708.2,372.5,,1210.2,837.7,,,695.8,473.9
2014-03-01,712.4,,2482,1769.6,,,3073.3,2168.9,517.7,,1851.8,1310.3,,,1221.3,872.5,3071.1,,10332.8,7225.9,385.9,,1068.3,682.5,,,636.1,422.2
2014-04-01,716.7,,1639.3,922.6,,,2060.9,1028,481.1,,1178.7,683.7,,,815,453.8,3168.4,,6901.9,3708.1,390.1,,804,413.9,,,403.9,206
2014-05-01,728.5,,1123,394.5,1052.7,,1568.7,515.5,,,936.2,391.8,,,542.1,219,3215.8,,5077.7,1833.4,372.9,,568.4,195.5,,,339.2,117.1
2014-06-01,690.1,,980.2,290.1,,,1461.6,418.3,,,868.3,276.3,,,492.9,153.7,,,4652.1,1363.7,,,,138.5,234.6,,,86.8
2014-07-01,600.2,,822.9,222.8,,,1391.2,357.6,635,,858.5,221.3,,,529.6,158.9,3269.3,,4439.8,1168.2,,,,124.3,239.5,,,83.3
2014-08-01,593.3,,928.2,334.9,,,1297.3,335.2,596,,839.3,243.3,348.5,,520.9,172.5,,,4407,1293.5,387.9,,463,75.1,225.7,,358.2,132.5
2014-09-01,649.3,,1075.1,425.9,,,1717.7,757.5,,,1218.3,542.4,372.5,,683,310.6,3295,,5640.8,2344.8,378.2,,506,127.8,259.9,,440.6,180.7
2014-10-01,722.1,,1346.7,624.6,1051.6,,1829.8,778.1,,,1159.7,533.9,441.1,,811.1,370,,,6188.2,2714.8,382.3,,598.2,215.9,250.5,,442.7,192.2
2014-11-01,699,,1758,1059,1154.5,,2427.7,1273.2,,,1438.4,840.5,403.1,,1001,597.9,,,7827.6,4385.2,376.5,,736.7,360.2,211.5,,465.9,254.4
2014-12-01,675.1,,2401.7,1726.6,958.5,,2779.6,1821.1,,,1767.4,1238.9,396.1,,1281.3,885.2,,,9689.9,6554.1,356.7,,863.1,506.4,220.9,,596.9,376
2015-01-01,654.7,,2895.8,2241.1,1033,,3668.1,2635.1,,,2226.6,1623.6,,,1596.9,1184.3,,,12240.9,8923.3,,,1147.2,749.9,216.9,,706.2,489.3
2015-02-01,836.9,,3455,2618.1,1386.5,,4539.9,3153.3,,,2702.3,1962.5,438.2,,1867.2,1429,,,14739.6,10698.9,400.4,,1343,942.6,239,,832.3,593.4
2015-03-01,802.9,,2533.4,1730.5,1145.6,,3264,2118.3,,,1824.7,1271.2,406.8,,1264.4,857.6,,,10397.4,6946.6,349,,918.9,569.9,192.9,,592,399.1
2015-04-01,877.1,,1821.5,944.4,1131.4,,2269.7,1138.3,,,1241.1,752,355.5,,849.5,493.9,,,7357.3,3931.8,,,752.8,366.3,185.8,,422.7,236.9
2015-05-01,909.5,,1260.9,351.3,,,1513.4,389.9,,,862.8,335.7,374.2,,570.4,196.2,,,5071.4,1527.8,,,550.8,154.8,213.3,,313.1,99.8
2015-06-01,883.4,,1183.9,300.4,,,1560.3,325.8,,,864,252,366.6,,520.8,154.2,,,4943.6,1251,355.4,,,133.4,,,,85.2
2015-07-01,823.9,,1064.6,240.7,,,1421.6,252.2,,,887.7,229.5,369.7,,489.3,119.6,,,4650,1031.5,,,,121.1,,,,68.4
2015-08-01,844.1,,1178.1,333.9,,,1484.5,311.2,,,917.8,271.7,369.8,,509.3,139.5,,,4921.2,1294.1,,,510,142.8,226.5,,321.5,95
2015-09-01,860.2,,1287.3,427.1,,,1676.4,490.7,,,1064.5,407.5,397.4,,640.1,242.7,,,5604.2,1888.1,,,578.2,196,233.6,,357.7,124.1
2015-10-01,916,,1696,780,,,1927.9,801.6,,,1271.8,615.1,408.4,,822.8,414.4,,,6838.1,3115.9,374.8,,672.8,298,240,,446.7,206.7
2015-11-01,812.9,,1811.7,998.9,,,2003.9,958.2,,,1255.8,672.1,349.9,,807.3,457.4,,,6978.1,3682.7,,,680.1,370.5,193.6,,419.3,225.7
2015-12-01,826.7,,2139.4,1312.7,,,2464.4,1429.1,,,1689.6,1095.6,377.1,,1029.4,652.3,,,8677.8,5361.2,298.8,,862.6,563.8,184.8,,492.5,307.6
2016-01-01,860.5,,2759.3,1898.7,1001,,3268.2,2267.1,,,1961.8,1378.2,372.2,,1322.7,950.6,,,10991.8,7661.4,333.3,,1069.9,736.6,179.8,,609.9,430.2
2016-02-01,825.2,,2764.4,1939.2,1013.5,,3197.9,2184.4,,,1922,1338.7,361,,1275.5,914.5,,,10826.3,7545.7,,,1059.1,747.6,186.2,,607.5,421.3
2016-03-01,811.2,,2004.6,1193.5,1001.5,,2382,1380.5,,,1597.1,1082.3,324.1,,952.2,628.2,,,8360.6,5236.4,,,925,620,167.6,,499.5,331.9
2016-04-01,853.6,,1666.8,813.1,1066.6,,2074.1,1007.5,,,1234.4,748.6,349.9,,822.1,472.3,,,6909.2,3645.2,,,,,179.9,,425.3,245.4
2016-05-01,854.9,,1324.1,469.2,,,1675.8,528.5,,,1011.3,437.4,367.9,,652.7,284.8,,,5595.7,2113.6,,,582.7,243,198.5,,349.1,150.6
2016-06-01,845.2,,1122.2,277,,,1489.3,264.2,,,891,235.5,343,,482.1,139.1,,,4773.2,1128.5,,,485.4,125.8,216.3,,303.2,86.9
2016-07-01,749.5,,945,195.5,,,1336.6,206.9,,,755.9,155.5,305.9,,398.2,92.3,,,4141.6,796.8,362.9,,443.8,80.8,196.3,,262.1,65.8
2016-08-01,751.3,,1009.9,258.6,,,1483.2,253.9,,,865.8,202.4,331.5,,454.1,122.5,,,4608.3,1042.7,,,492.7,119.8,217.1,,302.6,85.5
2016-09-01,740.8,,1109.6,368.8,,,1686.2,415.3,,,1036.9,369.2,330.6,,520.3,189.7,,,5273.1,1629.3,372,,535.4,163.4,261.8,,384.7,122.9
2016-10-01,733.8,,1338,604.3,,,1880.9,713.2,,,1172.2,559.4,334.6,,670.4,335.7,,,6059.5,2641.2,371,,623.4,252.5,198.5,,374.7,176.2
2016-11-01,736,,1823.9,1088,,,2389.4,1213.5,,,1330.8,739.5,336.2,,858.5,522.3,,,7694,4265.8,,,839.7,446,195.2,,451.7,256.5
2016-12-01,697.2,,2535.1,1837.9,,,3235.4,2066.6,610.9,,1988.4,1377.5,329.4,,1319.6,990.2,,,10705.4,7342.3,370.5,,1056.7,686.2,186.2,,570.2,384
2017-01-01,598.3,,2327.9,1729.6,,,3115.1,2063.2,607.2,,1903.5,1296.3,304.1,,1197.4,893.3,,,10087,7004.1,350.1,,986.4,636.3,171.3,,556.8,385.5
2017-02-01,661.3,,2331.8,1670.5,1131.3,,3091.3,1960,,,2009.7,1386.4,318.3,,1193.5,875.3,,,10180.7,6895,366.3,,991.5,625.1,185.2,,563,377.8
2017-03-01,700.3,,2280.9,1580.6,1100.1,,3060.5,1960.4,,,1878.5,1304.4,315.9,,1153.7,837.9,,,9933.6,6681.2,383.7,,989.3,605.5,178.3,,570.8,392.5
2017-04-01,675.9,,1378,702.2,1052.3,,1987.7,935.4,,,1090.2,619.2,289.7,,703.3,413.7,,,6169.5,3145.8,,,660.1,286.5,161.3,,350.2,188.9
2017-05-01,759.5,,1118.1,358.6,,,2006.2,704.1,,,1024.2,449.8,329.5,,586.4,256.8,,,5633.7,2064,,,,,191.3,,316.1,124.8
2017-06-01,742,,1046,304,,,1782.2,445.5,,,969.9,293.7,362.1,,548.7,186.6,,,5206.4,1461.4,424,,563.4,139.4,203.9,,296.2,92.3
2017-07-01,631.1,,843.1,211.9,,,1492.4,301.4,,,821.2,191,329.7,,437.6,107.9,,,4221.5,969,289.6,,,98.4,,,,58.3
2017-08-01,767.7,,1044.1,276.4,,,1575.3,344.4,,,978.3,283.3,353,,514.9,162,,,4944.7,1290.8,,,562.2,141,186.1,,270,83.9
2017-09-01,667.1,,959.1,292.1,,,1684.2,489.1,,,1044.8,368.8,350,,559.1,209.1,,,5061.7,1604,,,526.2,133.6,177,,288.3,111.3
2017-10-01,700.9,,1114.4,413.5,,,1758.6,594.2,,,1085.4,434,354.9,,622,267.2,,,5513.1,2049.2,,,619.6,205.6,178.2,,313,134.8
2017-11-01,707.6,,1810,1102.4,,,2543.2,1436.4,,,1519.6,844.5,369.1,,933.6,564.5,,,8142.7,4697.5,,,895.1,482.6,174.1,,441.2,267.1
2017-12-01,633.6,,2345.3,1711.6,,,3601.9,2366.1,,,2220.4,1445.6,431.4,,1401.5,970.2,,,11456,7825.6,382.3,,1279.1,896.9,172.4,,607.7,435.3
2018-01-01,731.8,,2960.9,2229.2,1345.5,,4682.1,3336.6,,,2461.2,1777.5,476.7,,1675.6,1198.9,,,13982.2,10118.1,,,1470.7,1030,185.7,,731.6,545.9
2018-02-01,740.7,,2261.3,1520.5,,,3510.6,2334.3,,,1965.1,1298.2,305.9,,1160.7,854.9,,,10584.1,7142.5,383,,1135.9,752.8,168.6,,550.5,381.9
2018-03-01,664,,2011.3,1347.3,1089.5,,2772.4,1682.8,,,1711.6,1118.8,322.1,,1085.6,763.5,,,9141.3,5924.2,393.5,,1070.9,677.3,155.1,,489.6,334.5
2018-04-01,698,,1618.4,920.4,,,2388.5,1238.8,,,1278.3,760.3,314.3,,838.7,524.4,,,7405.2,4156.3,,,877.6,465.7,157.1,,403.8,246.7
2018-05-01,738.7,,1119,380.3,,,1638.6,433.5,646.5,,1022.2,375.7,356.8,,588.6,231.8,,,5283.9,1708.2,,,637.3,195,186.3,,278.2,91.9
2018-06-01,,,,262.9,,,1469,272,,,1031.7,293.8,358.7,,506.7,147.9,,,4937.4,1175.9,,,,129.3,,,,69.9
2018-07-01,,,,175.5,,,1328.3,194.5,,,850.5,172.8,330.5,,451.4,120.9,,,4194.7,817.8,381.3,,484.2,103,,,,51.1
2018-08-01,719.2,,969.9,250.6,,,1471.9,258.2,,,980,222,357.5,,477.4,119.8,,,4663.1,1032.3,403,,523.8,120.8,179.3,,240.1,60.8
2018-09-01,668.9,,1023.3,354.4,,,1599.2,432.3,,,1124.5,406.3,340.9,,535.2,194.2,,,5129,1700.1,,,551.2,196,178.7,,295.6,116.9
2018-10-01,779.9,,1385,605.1,,,2341.3,970.1,,,1314.2,655.9,448.1,,862,413.9,,,6976.9,3125.2,384.7,,640.6,255.9,209.5,,433.7,224.3
2018-11-01,758.7,,1882.8,1124.1,,,3014.5,1561.5,,,1647.2,917.4,480.8,,1116.2,635.4,,,9117.3,5126.8,377.4,,917.1,539.7,190.9,,539.6,348.7
2018-12-01,712.8,,2113.4,1400.6,,,3512.7,2022.2,,,2049.2,1324.9,372.2,,1211,838.8,,,10516,6656.5,,,1012,629.7,177.3,,617.7,440.4
2019-01-01,816,,2594.6,1778.6,,,4040.6,2421.9,,,2195.2,1445.5,387.8,,1355.9,968.1,,,12062,7945.7,,,1147.6,795.8,192.3,,728.2,535.9
2019-02-01,731.4,,2312.6,1581.2,,,3636.9,2177.2,,,2335.3,1533.4,373.4,,1261.4,888.1,,,11239.2,7320.1,,,1011.3,648.9,190.5,,681.8,491.3
2019-03-01,683.5,,1920.5,1237.1,1523.5,,3205.3,1681.9,,,1837.1,1172.4,334.6,,1081.8,747.2,,,9523.5,5724.2,,,878,495,210.1,,600.7,390.6
2019-04-01,805.4,,1373.5,568.1,,,2217.6,891.2,,,1265.4,687.8,327.6,,747,419.4,,,6713.3,3116.6,398.6,,716.1,317.5,161.2,,393.7,232.5
2019-05-01,702.1,,1080.9,378.8,,,1821.2,527.5,,,1104.8,453.8,,,632.3,286.3,,,5532.4,1969.1,386,,568.7,182.7,184.5,,324.5,140
2019-06-01,663.2,,874.2,211,,,1489.2,274.8,,,988.6,293.2,331.8,,476.7,144.9,,,4585.2,1122.9,,,,103,,,,96
2019-07-01,826.3,,991.8,165.5,,,1500.7,232.1,,,932.9,207.2,338.2,,441,102.8,,,4619.9,873.5,,,,87.9,,,,78
2019-08-01,684.1,,892.3,208.2,,,1557.5,276.5,,,995.5,228.7,339.9,,466.6,126.8,,,4694.4,1039.6,375.8,,481.5,105.7,207.3,,301,93.7
2019-09-01,692.5,,1071.9,379.4,,,1743.1,457.7,,,1226.3,486.7,340.5,,572.6,232.1,,,5459.2,1844.3,365.9,,514.5,148.6,191,,330.8,139.8
2019-10-01,725.5,,1265.7,540.3,,,2092.9,766.3,,,1269.4,514.7,373.9,,707.2,333.3,,,6378.5,2601.9,,,611.6,234.4,218.5,,431.5,213
2019-11-01,800.5,,1882.1,1081.6,,,2869.6,1389.9,,,1581.7,849.4,357.2,,934,576.8,,,8589.1,4628.7,402.8,,800.7,397.9,188,,521,333
2019-12-01,769,,2314.5,1545.5,,,3418.7,1861.9,664.1,,1949.7,1285.6,338.5,,1198.8,860.4,,,10465,6616.9,342.5,,955.3,612.8,177.2,,627.9,450.7
2020-01-01,920.3,,2528.4,1608.1,,,3466.8,1930.9,720.2,,2017.8,1297.6,350.1,,1199.3,849.2,,,10769.2,6683.1,,,914.5,544.6,189.9,,642.5,452.6
2020-02-01,,,2209.3,1412,1339.8,,3149.3,1809.6,712.6,,1927.5,1214.9,340.1,,1122.1,781.9,,,9889.5,6180,344.3,,888.8,544.4,175.3,,592.5,417.2
2020-03-01,804.3,,1991.7,1187.4,,,2677.3,1395.8,,,1642.5,1051.8,334.5,,936.8,602.3,,,8500.2,5005.9,318.5,,724.3,405.8,164.9,,527.5,362.6
2020-04-01,,,1663,963.5,,,2367.1,1190.5,,,1394.5,820,295.1,,792.9,497.8,,,7346.6,4153.4,,,,395,,,,286.5
2020-05-01,663.5,,1230.3,566.8,,,1720.3,599.9,,,1106.6,530.1,307.1,,605.9,298.9,,,5545.4,2431,263.1,,498.7,235.6,183.8,,383.5,199.7
2020-06-01,,,,234.5,,,,283.7,,,924.1,257.8,349.4,,490.4,141,,,4587.8,1130.2,316.9,,434.6,117.7,192.3,,287.7,95.5
2020-07-01,709.8,,857.7,147.9,,,1373.7,190.5,,,822,170.9,321.3,,416.5,95.2,,,4075,740.1,,,,75.5,,,,60
2020-08-01,815.2,,981.4,166.2,,,1400.7,187,664.4,,857,192.5,318.5,,420,101.5,,,4281.1,798.8,282.2,,,80.3,,,,71.2
2020-09-01,756.2,,1108.5,352.3,,,1655.4,391.3,679.3,,1087.7,408.4,348,,605.3,257.3,,,5229.1,1692,293.7,,441,147.4,195.7,,331.1,135.4
2020-10-01,848.4,,1342.5,494.1,1269.6,,1877.5,607.8,682.5,,1189.2,506.6,366.4,,708.3,341.9,,,5949.9,2306.3,,,466.1,176.7,187.3,,366.4,179.1
2020-11-01,880.7,,1679.3,798.5,,,2311,1014.2,595.3,,1303.7,708.4,344.4,,860,515.6,,,7208,3609.8,294.2,,601,306.8,186.9,,453.1,266.2
2020-12-01,926.6,,2403,1476.4,,,2945.8,1582.4,694.7,,1899,1204.2,337.5,,1162.4,824.8,,,9990.9,6088.7,,,1019.4,615.6,175.9,,561.3,385.3
2021-01-01,921.2,,2673.5,1752.3,,,3118.9,1815.5,,,1816,1192,363.9,,1269.6,905.7,,,10472.5,6721,,,1020.1,645.4,164.3,,574.4,410.1
2021-02-01,974.3,,2803,1828.7,1374.3,,3381.9,2007.6,648.1,,1988.7,1340.5,372.1,,1334.4,962.3,3957.5,,11292.8,7335.3,412.7,,1127.4,714.8,175.9,,657.3,481.4
2021-03-01,919.3,,2197.4,1278.1,1297.1,,2766.3,1469.2,,,1718.9,1043.7,346.3,,1022.2,675.9,,,9098.2,5319.6,376.8,,868.9,492.1,164,,524.6,360.6
2021-04-01,854.4,,1509.2,654.9,,,1978.6,756.7,605,,1178.5,573.5,339.5,,699.2,359.7,,,6319.9,2801.4,343,,603.7,260.7,154.6,,350.6,196
2021-05-01,1178,,1539.8,361.9,1207.4,,1627.1,419.7,602.9,,919.9,316.9,348.1,,578.5,230.5,3822.2,,5454.8,1632.6,,,,172.5,,,,131.1
2021-06-01,818.9,,1062.2,243.3,1333.7,,1621.3,287.6,611.8,,833.2,221.5,367.5,,496.8,129.3,3641.4,,4680.6,1039.2,287.5,,363.6,76.2,222.1,,303.5,81.4
2021-07-01,788.5,,983.7,195.2,1272.2,,1490.6,218.4,,,745.1,166.3,335.5,,440.5,105,,,4257.9,794,285.2,,338.7,53.6,203.7,,259.2,55.5
2021-08-01,,,991.1,243.2,,,1538,248.5,,,806.5,186,350.6,,457.1,106.5,,,4430.7,924.4,289.9,,354.6,64.7,208,,283.4,75.4
2021-09-01,792.2,,1094.3,302.2,1348.4,,1761.1,412.7,601.7,,871.9,270.2,359.2,,525.1,165.9,3606.8,,4980.2,1373.4,,,,111.3,,,,111.1
2021-10-01,872.1,,1423,550.9,,,1889.1,600.2,,,1081.1,467.6,429.6,,704.8,275.2,,,5904.8,2217.7,281.1,,441.4,160.2,201.9,,365.4,163.5
2021-11-01,890.7,,1797.3,906.6,,,2473.2,1067.4,,,1218.1,629.6,389.4,,844.3,454.9,,,7345.2,3582.3,286.6,,546.9,260.2,202,,465.5,263.5
2021-12-01,1001.7,,2410.8,1409.1,,,3253.9,1667.3,629.9,,1796.6,1166.7,385.3,,1132.6,747.3,,,9906.2,5796.1,,,723.5,415.5,198.6,,588.8,390.2
2022-01-01,966.9,,2812.8,1846,,,3982.2,2195.4,617.9,,2035.5,1417.6,692.7,,1673.6,980.9,,,12063,7521.7,279.9,,848,568.1,197.1,,710.8,513.7
2022-02-01,,,2904.5,1871.9,1549,,3819.4,2270.4,649.4,,2065.9,1416.6,566.9,,1485.4,918.5,,,11778.7,7502.3,299.3,,837.3,538,179.1,,666.1,487
