date,padd1a-distillate-weekly ending stock
1990-11-09,11200
1990-11-16,10600
1990-11-23,10400
1990-11-30,10900
1990-12-07,9800
1990-12-14,10200
1990-12-21,8700
1990-12-28,8600
1991-01-04,8500
1991-01-11,8600
1991-01-18,7400
1991-01-25,6800
1991-02-01,6700
1991-02-08,6600
1991-02-15,5700
1991-02-22,4200
1991-03-01,4000
1991-03-08,3900
1991-03-15,3400
1991-03-22,3600
1991-03-29,3400
1991-04-05,3600
1991-04-12,3900
1991-04-19,4800
1991-04-26,5000
1991-05-10,5200
1991-05-17,4700
1991-05-24,4400
1991-05-31,4700
1991-06-07,4900
1991-06-14,4700
1991-06-21,5900
1991-06-28,6600
1991-07-05,6700
1991-07-12,7300
1991-07-19,7400
1991-07-26,7900
1991-08-02,9500
1991-08-09,9100
1991-08-16,8400
1991-08-23,8700
1991-08-30,9300
1991-09-06,9200
1991-09-13,9900
1991-09-20,10700
1991-09-27,11100
1991-10-04,11000
1991-10-11,11500
1991-10-18,11400
1991-10-25,11400
1991-11-01,11900
1991-11-08,11800
1991-11-15,11800
1991-11-22,11900
1991-11-29,12000
1991-12-06,12500
1991-12-13,10700
1991-12-20,10400
1991-12-27,10200
1992-01-03,10600
1992-01-10,10300
1992-01-17,8900
1992-01-24,8100
1992-01-31,7500
1992-02-07,7400
1992-02-14,6000
1992-02-21,5900
1992-02-28,6100
1992-03-06,6200
1992-03-13,6100
1992-03-20,4900
1992-03-27,4300
1992-04-03,4200
1992-04-10,3500
1992-04-17,3300
1992-04-24,3400
1992-05-01,3400
1992-05-08,2800
1992-05-15,2900
1992-05-22,3900
1992-05-29,4100
1992-06-05,4600
1992-06-12,5800
1992-06-19,6200
1992-06-26,6500
1992-07-03,7500
1992-07-10,7900
1992-07-17,8800
1992-07-24,9500
1992-07-31,10000
1992-08-07,10900
1992-08-14,11100
1992-08-21,10900
1992-08-28,10800
1992-09-04,10800
1992-09-11,12300
1992-09-18,11900
1992-09-25,12000
1992-10-02,11900
1992-10-09,11700
1992-10-16,12000
1992-10-23,12500
1992-10-30,13100
1992-11-06,13400
1992-11-13,12900
1992-11-20,11600
1992-11-27,11800
1992-12-04,11700
1992-12-11,10400
1992-12-18,9900
1992-12-25,10400
1993-01-01,10000
1993-01-08,11300
1993-01-15,11400
1993-01-22,11100
1993-01-29,11400
1993-02-05,10300
1993-02-12,9800
1993-02-19,9300
1993-02-26,8800
1993-03-05,7500
1993-03-12,6400
1993-03-19,6600
1993-03-26,6200
1993-04-02,5300
1993-04-09,5300
1993-04-16,5100
1993-04-23,5300
1993-04-30,5600
1993-05-07,5553
1993-05-14,5801
1993-05-21,5678
1993-05-28,6402
1993-06-04,6211
1993-06-11,6849
1993-06-18,7333
1993-06-25,7400
1993-07-02,7868
1993-07-09,9289
1993-07-16,9276
1993-07-23,9956
1993-07-30,8902
1993-08-06,9657
1993-08-13,9721
1993-08-20,10683
1993-08-27,10469
1993-09-03,11093
1993-09-10,11781
1993-09-17,12607
1993-09-24,12398
1993-10-01,14572
1993-10-08,14635
1993-10-15,15057
1993-10-22,14203
1993-10-29,14656
1993-11-05,13651
1993-11-12,13437
1993-11-19,13152
1993-11-26,13367
1993-12-03,13255
1993-12-10,12612
1993-12-17,11986
1993-12-24,11814
1993-12-31,11951
1994-01-07,11140
1994-01-14,10251
1994-01-21,8298
1994-01-28,7323
1994-02-04,6624
1994-02-11,6892
1994-02-18,5032
1994-02-25,5622
1994-03-04,5110
1994-03-11,5649
1994-03-18,6120
1994-03-25,5906
1994-04-01,5418
1994-04-08,4724
1994-04-15,4576
1994-04-22,4454
1994-04-29,4285
1994-05-06,4146
1994-05-13,4367
1994-05-20,4358
1994-05-27,4451
1994-06-03,5152
1994-06-10,5719
1994-06-17,6552
1994-06-24,7501
1994-07-01,8658
1994-07-08,9139
1994-07-15,9659
1994-07-22,10971
1994-07-29,11641
1994-08-05,12692
1994-08-12,12843
1994-08-19,13620
1994-08-26,13278
1994-09-02,12717
1994-09-09,13354
1994-09-16,14298
1994-09-23,14604
1994-09-30,14451
1994-10-07,14705
1994-10-14,14108
1994-10-21,14155
1994-10-28,14654
1994-11-04,14604
1994-11-11,14158
1994-11-18,13728
1994-11-25,14065
1994-12-02,13001
1994-12-09,12018
1994-12-16,11334
1994-12-23,11490
1994-12-30,12202
1995-01-06,12250
1995-01-13,11799
1995-01-20,12365
1995-01-27,12034
1995-02-03,11547
1995-02-10,10190
1995-02-17,9292
1995-02-24,8668
1995-03-03,9017
1995-03-10,7770
1995-03-17,7604
1995-03-24,8446
1995-03-31,8076
1995-04-07,7909
1995-04-14,7543
1995-04-21,7726
1995-04-28,7180
1995-05-05,7264
1995-05-12,7016
1995-05-19,7773
1995-05-26,7901
1995-06-02,8131
1995-06-09,7738
1995-06-16,7606
1995-06-23,8582
1995-06-30,8710
1995-07-07,9182
1995-07-14,9883
1995-07-21,9939
1995-07-28,10383
1995-08-04,11300
1995-08-11,11524
1995-08-18,11411
1995-08-25,11919
1995-09-01,11788
1995-09-08,12216
1995-09-15,12674
1995-09-22,12718
1995-09-29,13240
1995-10-06,13306
1995-10-13,14012
1995-10-20,13324
1995-10-27,13452
1995-11-03,13306
1995-11-10,13130
1995-11-17,12940
1995-11-24,13003
1995-12-01,11713
1995-12-08,11354
1995-12-15,10001
1995-12-22,9117
1995-12-29,9740
1996-01-05,9068
1996-01-12,8544
1996-01-19,8894
1996-01-26,7971
1996-02-02,7544
1996-02-09,6515
1996-02-16,6019
1996-02-23,5160
1996-03-01,4778
1996-03-08,4135
1996-03-15,3218
1996-03-22,3281
1996-03-29,4588
1996-04-05,4010
1996-04-12,3463
1996-04-19,3005
1996-04-26,2995
1996-05-03,3642
1996-05-10,3531
1996-05-17,3452
1996-05-24,3561
1996-05-31,4097
1996-06-07,3813
1996-06-14,4640
1996-06-21,4329
1996-06-28,4911
1996-07-05,5642
1996-07-12,6076
1996-07-19,5987
1996-07-26,5976
1996-08-02,6045
1996-08-09,6357
1996-08-16,6116
1996-08-23,6240
1996-08-30,6568
1996-09-06,6461
1996-09-13,6374
1996-09-20,7132
1996-09-27,6750
1996-10-04,7024
1996-10-11,7002
1996-10-18,8109
1996-10-25,8415
1996-11-01,8993
1996-11-08,9616
1996-11-15,9630
1996-11-22,9204
1996-11-29,9349
1996-12-06,9030
1996-12-13,8708
1996-12-20,8413
1996-12-27,8649
1997-01-03,9445
1997-01-10,9904
1997-01-17,9509
1997-01-24,9062
1997-01-31,8321
1997-02-07,8237
1997-02-14,7718
1997-02-21,7269
1997-02-28,6650
1997-03-07,6391
1997-03-14,6016
1997-03-21,4851
1997-03-28,4551
1997-04-04,4909
1997-04-11,4804
1997-04-18,4366
1997-04-25,4231
1997-05-02,4922
1997-05-09,5025
1997-05-16,5594
1997-05-23,5364
1997-05-30,5744
1997-06-06,5563
1997-06-13,6103
1997-06-20,6718
1997-06-27,7243
1997-07-04,8519
1997-07-11,9044
1997-07-18,10007
1997-07-25,9769
1997-08-01,10713
1997-08-08,10307
1997-08-15,11002
1997-08-22,10769
1997-08-29,10850
1997-09-05,11476
1997-09-12,11433
1997-09-19,12378
1997-09-26,11464
1997-10-03,11619
1997-10-10,11932
1997-10-17,12044
1997-10-24,11859
1997-10-31,13033
1997-11-07,11569
1997-11-14,11392
1997-11-21,10915
1997-11-28,10155
1997-12-05,10275
1997-12-12,10812
1997-12-19,10569
1997-12-26,10870
1998-01-02,11309
1998-01-09,11458
1998-01-16,11389
1998-01-23,11181
1998-01-30,10178
1998-02-06,10756
1998-02-13,10360
1998-02-20,10548
1998-02-27,10114
1998-03-06,9723
1998-03-13,8917
1998-03-20,9160
1998-03-27,8543
1998-04-03,8650
1998-04-10,9070
1998-04-17,8970
1998-04-24,9891
1998-05-01,10787
1998-05-08,10235
1998-05-15,10638
1998-05-22,10837
1998-05-29,12209
1998-06-05,12961
1998-06-12,13037
1998-06-19,12687
1998-06-26,13394
1998-07-03,13533
1998-07-10,13494
1998-07-17,13864
1998-07-24,14220
1998-07-31,13976
1998-08-07,14791
1998-08-14,14842
1998-08-21,15314
1998-08-28,15146
1998-09-04,15386
1998-09-11,15518
1998-09-18,16007
1998-09-25,16716
1998-10-02,16947
1998-10-09,17192
1998-10-16,17226
1998-10-23,17193
1998-10-30,16983
1998-11-06,16299
1998-11-13,16411
1998-11-20,15986
1998-11-27,15821
1998-12-04,16360
1998-12-11,15845
1998-12-18,15761
1998-12-25,16162
1999-01-01,16303
1999-01-08,15791
1999-01-15,14961
1999-01-22,14788
1999-01-29,15388
1999-02-05,15556
1999-02-12,16213
1999-02-19,15900
1999-02-26,15821
1999-03-05,16332
1999-03-12,15481
1999-03-19,13650
1999-03-26,13624
1999-04-02,13735
1999-04-09,13187
1999-04-16,12932
1999-04-23,13405
1999-04-30,13226
1999-05-07,13164
1999-05-14,13350
1999-05-21,13496
1999-05-28,14077
1999-06-04,14243
1999-06-11,14190
1999-06-18,14406
1999-06-25,14903
1999-07-02,15195
1999-07-09,15739
1999-07-16,15284
1999-07-23,15782
1999-07-30,15527
1999-08-06,16167
1999-08-13,15318
1999-08-20,15725
1999-08-27,16306
1999-09-03,16187
1999-09-10,15989
1999-09-17,15651
1999-09-24,16025
1999-10-01,15604
1999-10-08,16008
1999-10-15,15562
1999-10-22,14839
1999-10-29,15031
1999-11-05,14519
1999-11-12,14523
1999-11-19,14024
1999-11-26,12943
1999-12-03,13114
1999-12-10,12672
1999-12-17,11807
1999-12-24,10631
1999-12-31,9267
2000-01-07,8859
2000-01-14,7984
2000-01-21,5517
2000-01-28,4459
2000-02-04,3612
2000-02-11,4037
2000-02-18,5696
2000-02-25,5894
2000-03-03,5709
2000-03-10,5739
2000-03-17,5186
2000-03-24,4391
2000-03-31,3725
2000-04-07,3314
2000-04-14,3398
2000-04-21,2786
2000-04-28,2449
2000-05-05,2595
2000-05-12,3073
2000-05-19,3167
2000-05-26,2976
2000-06-02,2933
2000-06-09,2504
2000-06-16,2758
2000-06-23,3032
2000-06-30,3580
2000-07-07,3933
2000-07-14,4232
2000-07-21,4433
2000-07-28,4796
2000-08-04,4879
2000-08-11,6343
2000-08-18,5914
2000-08-25,6061
2000-09-01,6250
2000-09-08,6012
2000-09-15,6104
2000-09-22,5555
2000-09-29,4904
2000-10-06,4709
2000-10-13,4431
2000-10-20,4494
2000-10-27,4720
2000-11-03,5244
2000-11-10,5202
2000-11-17,5597
2000-11-24,6451
2000-12-01,6339
2000-12-08,6290
2000-12-15,6375
2000-12-22,6089
2000-12-29,7199
2001-01-05,7035
2001-01-12,7738
2001-01-19,8257
2001-01-26,7976
2001-02-02,7816
2001-02-09,7801
2001-02-16,7226
2001-02-23,6683
2001-03-02,5790
2001-03-09,5387
2001-03-16,5061
2001-03-23,4582
2001-03-30,4156
2001-04-06,3825
2001-04-13,3699
2001-04-20,3580
2001-04-27,4762
2001-05-04,4768
2001-05-11,4476
2001-05-18,4703
2001-05-25,5074
2001-06-01,5044
2001-06-08,5576
2001-06-15,5957
2001-06-22,6033
2001-06-29,6877
2001-07-06,7288
2001-07-13,7357
2001-07-20,8064
2001-07-27,8425
2001-08-03,8525
2001-08-10,8352
2001-08-17,8699
2001-08-24,7504
2001-08-31,7577
2001-09-07,7890
2001-09-14,7260
2001-09-21,8120
2001-09-28,8085
2001-10-05,9296
2001-10-12,9247
2001-10-19,9455
2001-10-26,9807
2001-11-02,10673
2001-11-09,10694
2001-11-16,10774
2001-11-23,11586
2001-11-30,11312
2001-12-07,10931
2001-12-14,10917
2001-12-21,10602
2001-12-28,10169
2002-01-04,10757
2002-01-11,10487
2002-01-18,9615
2002-01-25,10253
2002-02-01,9903
2002-02-08,9782
2002-02-15,9694
2002-02-22,8877
2002-03-01,8734
2002-03-08,9298
2002-03-15,8470
2002-03-22,7537
2002-03-29,7056
2002-04-05,6823
2002-04-12,6323
2002-04-19,6929
2002-04-26,7119
2002-05-03,7485
2002-05-10,7560
2002-05-17,7487
2002-05-24,7807
2002-05-31,7732
2002-06-07,8283
2002-06-14,7803
2002-06-21,8491
2002-06-28,8318
2002-07-05,8645
2002-07-12,9191
2002-07-19,9004
2002-07-26,8829
2002-08-02,9388
2002-08-09,9651
2002-08-16,9600
2002-08-23,9782
2002-08-30,10133
2002-09-06,10196
2002-09-13,9878
2002-09-20,10046
2002-09-27,9902
2002-10-04,9923
2002-10-11,10457
2002-10-18,9856
2002-10-25,9258
2002-11-01,8433
2002-11-08,8195
2002-11-15,8173
2002-11-22,8462
2002-11-29,7961
2002-12-06,7358
2002-12-13,8064
2002-12-20,7596
2002-12-27,7922
2003-01-03,8141
2003-01-10,8223
2003-01-17,8106
2003-01-24,6675
2003-01-31,5611
2003-02-07,6442
2003-02-14,6027
2003-02-21,4831
2003-02-28,4299
2003-03-07,4152
2003-03-14,4352
2003-03-21,4547
2003-03-28,4664
2003-04-04,4441
2003-04-11,3777
2003-04-18,3600
2003-04-25,3419
2003-05-02,3257
2003-05-09,2825
2003-05-16,3340
2003-05-23,4115
2003-05-30,4364
2003-06-06,4935
2003-06-13,5457
2003-06-20,5840
2003-06-27,6330
2003-07-04,7743
2003-07-11,8069
2003-07-18,8373
2003-07-25,8024
2003-08-01,7897
2003-08-08,7936
2003-08-15,8251
2003-08-22,7959
2003-08-29,7676
2003-09-05,7039
2003-09-12,8002
2003-09-19,8294
2003-09-26,8825
2003-10-03,9108
2003-10-10,8944
2003-10-17,9155
2003-10-24,9239
2003-10-31,9479
2003-11-07,9761
2003-11-14,9762
2003-11-21,9321
2003-11-28,9580
2003-12-05,8495
2003-12-12,7530
2003-12-19,7949
2003-12-26,7743
2004-01-02,9152
2004-01-09,9877
2004-01-16,9001
2004-01-23,8856
2004-01-30,6999
2004-02-06,5913
2004-02-13,5720
2004-02-20,6103
2004-02-27,7634
2004-03-05,7512
2004-03-12,7304
2004-03-19,6683
2004-03-26,6564
2004-04-02,5752
2004-04-09,6101
2004-04-16,5051
2004-04-23,4860
2004-04-30,5160
2004-05-07,5351
2004-05-14,6433
2004-05-21,6490
2004-05-28,6311
2004-06-04,6531
2004-06-11,6472
2004-06-18,6936
2004-06-25,6993
2004-07-02,8078
2004-07-09,8582
2004-07-16,9542
2004-07-23,9708
2004-07-30,9931
2004-08-06,10320
2004-08-13,10748
2004-08-20,10490
2004-08-27,12354
2004-09-03,11926
2004-09-10,12737
2004-09-17,12910
2004-09-24,12831
2004-10-01,12746
2004-10-08,12419
2004-10-15,12060
2004-10-22,11168
2004-10-29,11057
2004-11-05,10042
2004-11-12,9776
2004-11-19,9977
2004-11-26,10822
2004-12-03,10359
2004-12-10,11295
2004-12-17,11466
2004-12-24,10751
2004-12-31,10925
2005-01-07,9724
2005-01-14,10031
2005-01-21,9319
2005-01-28,8119
2005-02-04,7715
2005-02-11,7140
2005-02-18,7046
2005-02-25,7641
2005-03-04,7044
2005-03-11,7033
2005-03-18,6273
2005-03-25,6038
2005-04-01,6143
2005-04-08,6524
2005-04-15,6138
2005-04-22,5885
2005-04-29,5671
2005-05-06,6353
2005-05-13,6356
2005-05-20,6597
2005-05-27,6443
2005-06-03,7268
2005-06-10,7966
2005-06-17,8457
2005-06-24,8769
2005-07-01,10371
2005-07-08,11066
2005-07-15,11893
2005-07-22,12268
2005-07-29,10981
2005-08-05,13233
2005-08-12,13347
2005-08-19,13654
2005-08-26,14137
2005-09-02,14238
2005-09-09,14090
2005-09-16,14333
2005-09-23,13931
2005-09-30,13955
2005-10-07,13629
2005-10-14,13271
2005-10-21,13573
2005-10-28,12966
2005-11-04,13377
2005-11-11,13818
2005-11-18,12879
2005-11-25,13504
2005-12-02,13234
2005-12-09,12869
2005-12-16,12439
2005-12-23,11042
2005-12-30,11818
2006-01-06,11781
2006-01-13,12089
2006-01-20,12119
2006-01-27,12829
2006-02-03,12550
2006-02-10,11916
2006-02-17,12147
2006-02-24,11108
2006-03-03,9918
2006-03-10,9185
2006-03-17,9676
2006-03-24,8985
2006-03-31,8728
2006-04-07,8305
2006-04-14,7722
2006-04-21,7790
2006-04-28,7748
2006-05-05,7615
2006-05-12,7953
2006-05-19,8075
2006-05-26,8431
2006-06-02,8630
2006-06-09,8736
2006-06-16,9727
2006-06-23,9845
2006-06-30,11175
2006-07-07,12329
2006-07-14,12364
2006-07-21,12996
2006-07-28,12379
2006-08-04,12321
2006-08-11,12687
2006-08-18,12625
2006-08-25,12423
2006-09-01,12206
2006-09-08,12986
2006-09-15,13404
2006-09-22,13600
2006-09-29,13763
2006-10-06,13491
2006-10-13,13274
2006-10-20,13148
2006-10-27,12892
2006-11-03,13188
2006-11-10,12956
2006-11-17,12211
2006-11-24,12575
2006-12-01,12574
2006-12-08,12825
2006-12-15,12618
2006-12-22,12639
2006-12-29,13006
2007-01-05,13291
2007-01-12,12757
2007-01-19,12551
2007-01-26,11639
2007-02-02,10413
2007-02-09,9661
2007-02-16,7893
2007-02-23,7563
2007-03-02,7822
2007-03-09,7333
2007-03-16,6529
2007-03-23,6125
2007-03-30,6390
2007-04-06,6468
2007-04-13,7123
2007-04-20,6633
2007-04-27,6851
2007-05-04,7439
2007-05-11,7737
2007-05-18,7800
2007-05-25,6901
2007-06-01,6665
2007-06-08,6964
2007-06-15,6788
2007-06-22,7149
2007-06-29,7399
2007-07-06,7325
2007-07-13,7664
2007-07-20,8162
2007-07-27,8445
2007-08-03,9043
2007-08-10,9480
2007-08-17,10420
2007-08-24,10832
2007-08-31,10865
2007-09-07,11079
2007-09-14,11810
2007-09-21,12241
2007-09-28,12528
2007-10-05,12393
2007-10-12,12755
2007-10-19,12421
2007-10-26,12423
2007-11-02,12202
2007-11-09,11929
2007-11-16,11661
2007-11-23,11008
2007-11-30,10426
2007-12-07,9998
2007-12-14,9756
2007-12-21,9461
2007-12-28,9691
2008-01-04,9126
2008-01-11,9346
2008-01-18,9607
2008-01-25,9768
2008-02-01,9491
2008-02-08,9695
2008-02-15,8926
2008-02-22,7954
2008-02-29,7212
2008-03-07,5481
2008-03-14,5562
2008-03-21,5019
2008-03-28,4700
2008-04-04,4266
2008-04-11,3952
2008-04-18,3979
2008-04-25,4410
2008-05-02,3846
2008-05-09,3733
2008-05-16,3777
2008-05-23,3887
2008-05-30,3751
2008-06-06,3751
2008-06-13,3834
2008-06-20,4179
2008-06-27,4353
2008-07-04,4843
2008-07-11,5235
2008-07-18,4918
2008-07-25,5044
2008-08-01,5359
2008-08-08,5198
2008-08-15,5942
2008-08-22,6248
2008-08-29,6242
2008-09-05,6723
2008-09-12,7262
2008-09-19,7481
2008-09-26,8267
2008-10-03,8721
2008-10-10,8301
2008-10-17,8339
2008-10-24,8190
2008-10-31,7874
2008-11-07,8878
2008-11-14,8091
2008-11-21,8914
2008-11-28,8761
2008-12-05,9728
2008-12-12,8560
2008-12-19,8822
2008-12-26,8882
2009-01-02,9349
2009-01-09,9431
2009-01-16,9211
2009-01-23,9153
2009-01-30,9863
2009-02-06,9143
2009-02-13,9272
2009-02-20,8815
2009-02-27,8951
2009-03-06,9915
2009-03-13,9673
2009-03-20,9982
2009-03-27,10200
2009-04-03,9614
2009-04-10,9220
2009-04-17,9049
2009-04-24,9245
2009-05-01,9926
2009-05-08,9815
2009-05-15,9773
2009-05-22,10402
2009-05-29,10997
2009-06-05,10326
2009-06-12,10933
2009-06-19,11230
2009-06-26,11295
2009-07-03,11816
2009-07-10,11973
2009-07-17,12582
2009-07-24,12408
2009-07-31,12126
2009-08-07,12476
2009-08-14,12863
2009-08-21,13106
2009-08-28,13241
2009-09-04,13411
2009-09-11,13362
2009-09-18,14182
2009-09-25,14837
2009-10-02,15255
2009-10-09,15407
2009-10-16,14808
2009-10-23,14408
2009-10-30,14454
2009-11-06,14618
2009-11-13,14766
2009-11-20,14509
2009-11-27,14283
2009-12-04,14119
2009-12-11,13365
2009-12-18,13010
2009-12-25,12226
2010-01-01,12427
2010-01-08,12166
2010-01-15,12013
2010-01-22,12581
2010-01-29,12593
2010-02-05,12162
2010-02-12,11182
2010-02-19,11556
2010-02-26,11511
2010-03-05,11143
2010-03-12,10413
2010-03-19,9783
2010-03-26,9629
2010-04-02,9272
2010-04-09,9141
2010-04-16,9400
2010-04-23,9759
2010-04-30,9732
2010-05-07,9819
2010-05-14,9704
2010-05-21,9532
2010-05-28,9404
2010-06-04,9485
2010-06-11,9768
2010-06-18,10387
2010-06-25,10757
2010-07-02,10715
2010-07-09,11059
2010-07-16,10901
2010-07-23,11389
2010-07-30,12234
2010-08-06,12899
2010-08-13,13090
2010-08-20,13387
2010-08-27,13027
2010-09-03,13415
2010-09-10,14041
2010-09-17,14025
2010-09-24,13865
2010-10-01,13828
2010-10-08,13706
2010-10-15,14125
2010-10-22,13497
2010-10-29,13496
2010-11-05,13067
2010-11-12,13084
2010-11-19,12997
2010-11-26,13082
2010-12-03,12850
2010-12-10,11122
2010-12-17,11306
2010-12-24,11194
2010-12-31,10677
2011-01-07,11462
2011-01-14,11192
2011-01-21,10352
2011-01-28,9456
2011-02-04,9403
2011-02-11,8506
2011-02-18,9882
2011-02-25,9855
2011-03-04,9828
2011-03-11,9029
2011-03-18,8947
2011-03-25,9232
2011-04-01,8829
2011-04-08,8180
2011-04-15,8219
2011-04-22,7729
2011-04-29,7612
2011-05-06,7952
2011-05-13,7665
2011-05-20,7716
2011-05-27,7439
2011-06-03,7813
2011-06-10,8511
2011-06-17,8639
2011-06-24,8822
2011-07-01,9398
2011-07-08,9754
2011-07-15,9589
2011-07-22,9927
2011-07-29,10435
2011-08-05,10715
2011-08-12,10802
2011-08-19,11678
2011-08-26,11976
2011-09-02,11691
2011-09-09,11922
2011-09-16,11873
2011-09-23,11866
2011-09-30,12168
2011-10-07,12158
2011-10-14,11940
2011-10-21,11861
2011-10-28,11945
2011-11-04,11435
2011-11-11,11540
2011-11-18,10955
2011-11-25,11510
2011-12-02,11228
2011-12-09,11488
2011-12-16,11574
2011-12-23,11360
2011-12-30,11976
2012-01-06,11824
2012-01-13,11045
2012-01-20,10155
2012-01-27,10093
2012-02-03,9410
2012-02-10,8891
2012-02-17,8699
2012-02-24,8445
2012-03-02,8135
2012-03-09,8204
2012-03-16,7366
2012-03-23,7422
2012-03-30,7620
2012-04-06,7038
2012-04-13,6219
2012-04-20,6236
2012-04-27,6367
2012-05-04,6004
2012-05-11,5912
2012-05-18,6069
2012-05-25,5782
2012-06-01,6347
2012-06-08,6345
2012-06-15,6351
2012-06-22,6554
2012-06-29,6802
2012-07-06,7185
2012-07-13,7244
2012-07-20,7532
2012-07-27,7282
2012-08-03,7144
2012-08-10,6863
2012-08-17,7314
2012-08-24,7297
2012-08-31,7447
2012-09-07,7715
2012-09-14,7938
2012-09-21,7994
2012-09-28,8181
2012-10-05,7832
2012-10-12,8084
2012-10-19,8632
2012-10-26,8206
2012-11-02,7457
2012-11-09,7087
2012-11-16,6782
2012-11-23,6617
2012-11-30,7336
2012-12-07,6578
2012-12-14,5769
2012-12-21,6175
2012-12-28,6398
2013-01-04,6516
2013-01-11,5689
2013-01-18,5611
2013-01-25,5646
2013-02-01,5237
2013-02-08,5079
2013-02-15,4794
2013-02-22,4861
2013-03-01,4553
2013-03-08,4512
2013-03-15,4419
2013-03-22,4548
2013-03-29,4142
2013-04-05,3862
2013-04-12,3985
2013-04-19,3830
2013-04-26,4219
2013-05-03,4638
2013-05-10,4364
2013-05-17,4429
2013-05-24,4408
2013-05-31,4524
2013-06-07,4581
2013-06-14,4295
2013-06-21,4908
2013-06-28,4809
2013-07-05,4953
2013-07-12,4987
2013-07-19,4983
2013-07-26,5198
2013-08-02,4678
2013-08-09,4610
2013-08-16,4549
2013-08-23,4940
2013-08-30,5001
2013-09-06,4794
2013-09-13,5061
2013-09-20,5113
2013-09-27,5580
2013-10-04,6002
2013-10-11,6270
2013-10-18,6512
2013-10-25,7002
2013-11-01,7426
2013-11-08,7437
2013-11-15,7125
2013-11-22,7429
2013-11-29,7213
2013-12-06,6570
2013-12-13,6143
2013-12-20,5588
2013-12-27,4998
2014-01-03,5433
2014-01-10,4854
2014-01-17,5118
2014-01-24,4697
2014-01-31,4691
2014-02-07,5181
2014-02-14,5201
2014-02-21,4749
2014-02-28,4558
2014-03-07,4329
2014-03-14,4651
2014-03-21,4685
2014-03-28,4299
2014-04-04,4546
2014-04-11,4242
2014-04-18,4073
2014-04-25,3899
2014-05-02,3467
2014-05-09,3289
2014-05-16,3412
2014-05-23,3427
2014-05-30,3387
2014-06-06,3483
2014-06-13,3401
2014-06-20,3805
2014-06-27,4295
2014-07-04,3543
2014-07-11,4083
2014-07-18,4256
2014-07-25,4185
2014-08-01,4630
2014-08-08,4992
2014-08-15,5005
2014-08-22,4936
2014-08-29,4900
2014-09-05,5091
2014-09-12,5244
2014-09-19,5113
2014-09-26,5507
2014-10-03,6600
2014-10-10,6589
2014-10-17,6831
2014-10-24,6630
2014-10-31,7219
2014-11-07,6441
2014-11-14,6227
2014-11-21,5776
2014-11-28,5746
2014-12-05,6648
2014-12-12,6213
2014-12-19,6469
2014-12-26,6779
2015-01-02,7414
2015-01-09,7113
2015-01-16,7007
2015-01-23,7059
2015-01-30,6655
2015-02-06,5753
2015-02-13,5671
2015-02-20,4771
2015-02-27,4601
2015-03-06,4769
2015-03-13,5038
2015-03-20,4886
2015-03-27,5094
2015-04-03,5312
2015-04-10,4475
2015-04-17,4688
2015-04-24,4793
2015-05-01,4532
2015-05-08,4576
2015-05-15,5233
2015-05-22,5503
2015-05-29,5820
2015-06-05,5589
2015-06-12,5320
2015-06-19,5381
2015-06-26,5301
2015-07-03,5749
2015-07-10,5908
2015-07-17,6073
2015-07-24,6094
2015-07-31,6154
2015-08-07,6129
2015-08-14,6310
2015-08-21,6529
2015-08-28,6671
2015-09-04,7549
2015-09-11,7546
2015-09-18,8173
2015-09-25,8938
2015-10-02,8993
2015-10-09,8505
2015-10-16,8835
2015-10-23,8981
2015-10-30,9595
2015-11-06,10204
2015-11-13,10546
2015-11-20,10468
2015-11-27,10788
2015-12-04,10865
2015-12-11,10733
2015-12-18,11153
2015-12-25,11543
2016-01-01,12506
2016-01-08,12226
2016-01-15,11917
2016-01-22,11278
2016-01-29,11080
2016-02-05,11720
2016-02-12,11575
2016-02-19,11397
2016-02-26,10756
2016-03-04,10699
2016-03-11,10851
2016-03-18,11119
2016-03-25,10732
2016-04-01,10236
2016-04-08,9911
2016-04-15,10015
2016-04-22,10297
2016-04-29,10018
2016-05-06,9115
2016-05-13,8789
2016-05-20,8934
2016-05-27,9130
2016-06-03,9508
2016-06-10,9734
2016-06-17,9831
2016-06-24,9753
2016-07-01,10045
2016-07-08,10028
2016-07-15,10057
2016-07-22,10224
2016-07-29,10627
2016-08-05,11547
2016-08-12,11412
2016-08-19,11329
2016-08-26,11828
2016-09-02,11763
2016-09-09,12144
2016-09-16,12297
2016-09-23,12718
2016-09-30,12861
2016-10-07,12875
2016-10-14,12828
2016-10-21,12753
2016-10-28,12790
2016-11-04,13008
2016-11-11,12791
2016-11-18,12998
2016-11-25,13322
2016-12-02,13163
2016-12-09,12802
2016-12-16,11850
2016-12-23,11748
2016-12-30,12031
2017-01-06,11979
2017-01-13,11850
2017-01-20,12538
2017-01-27,12487
2017-02-03,13320
2017-02-10,12804
2017-02-17,11810
2017-02-24,12070
2017-03-03,11324
2017-03-10,10907
2017-03-17,9865
2017-03-24,8824
2017-03-31,8536
2017-04-07,8039
2017-04-14,7320
2017-04-21,7947
2017-04-28,7783
2017-05-05,7875
2017-05-12,8223
2017-05-19,8058
2017-05-26,8008
2017-06-02,8466
2017-06-09,8291
2017-06-16,8088
2017-06-23,8362
2017-06-30,8632
2017-07-07,9067
2017-07-14,8589
2017-07-21,8849
2017-07-28,8778
2017-08-04,8526
2017-08-11,8388
2017-08-18,8586
2017-08-25,8504
2017-09-01,8883
2017-09-08,9081
2017-09-15,8926
2017-09-22,8830
2017-09-29,8389
2017-10-06,8510
2017-10-13,8692
2017-10-20,8371
2017-10-27,8620
2017-11-03,8520
2017-11-10,7555
2017-11-17,7554
2017-11-24,8129
2017-12-01,7701
2017-12-08,7541
2017-12-15,8297
2017-12-22,8280
2017-12-29,7993
2018-01-05,7537
2018-01-12,6736
2018-01-19,6354
2018-01-26,7166
2018-02-02,8093
2018-02-09,8286
2018-02-16,8540
2018-02-23,8082
2018-03-02,7839
2018-03-09,7183
2018-03-16,6747
2018-03-23,6022
2018-03-30,6068
2018-04-06,5923
2018-04-13,5596
2018-04-20,5246
2018-04-27,4931
2018-05-04,4473
2018-05-11,4616
2018-05-18,4078
2018-05-25,4297
2018-06-01,4470
2018-06-08,4336
2018-06-15,4820
2018-06-22,4691
2018-06-29,4930
2018-07-06,5345
2018-07-13,5457
2018-07-20,5126
2018-07-27,5347
2018-08-03,5877
2018-08-10,5809
2018-08-17,6383
2018-08-24,6060
2018-08-31,6281
2018-09-07,6066
2018-09-14,6379
2018-09-21,6650
2018-09-28,7363
2018-10-05,7584
2018-10-12,7456
2018-10-19,7822
2018-10-26,7499
2018-11-02,7631
2018-11-09,7504
2018-11-16,8077
2018-11-23,7481
2018-11-30,7273
2018-12-07,6581
2018-12-14,6732
2018-12-21,6760
2018-12-28,7646
2019-01-04,7992
2019-01-11,8884
2019-01-18,8918
2019-01-25,8643
2019-02-01,8623
2019-02-08,8627
2019-02-15,8059
2019-02-22,8425
2019-03-01,7463
2019-03-08,7060
2019-03-15,6008
2019-03-22,6562
2019-03-29,6182
2019-04-05,6315
2019-04-12,5951
2019-04-19,5816
2019-04-26,5535
2019-05-03,5027
2019-05-10,4898
2019-05-17,5080
2019-05-24,4605
2019-05-31,5356
2019-06-07,5085
2019-06-14,5633
2019-06-21,5595
2019-06-28,5627
2019-07-05,5957
2019-07-12,6433
2019-07-19,6459
2019-07-26,6275
2019-08-02,6675
2019-08-09,7401
2019-08-16,7852
2019-08-23,7698
2019-08-30,7849
2019-09-06,7757
2019-09-13,7849
2019-09-20,7488
2019-09-27,6998
2019-10-04,6893
2019-10-11,7157
2019-10-18,7000
2019-10-25,6738
2019-11-01,7522
2019-11-08,7127
2019-11-15,7370
2019-11-22,8114
2019-11-29,8102
2019-12-06,7990
2019-12-13,8117
2019-12-20,7644
2019-12-27,7712
2020-01-03,8290
2020-01-10,7864
2020-01-17,8148
2020-01-24,7052
2020-01-31,7308
2020-02-07,7104
2020-02-14,6955
2020-02-21,6502
2020-02-28,6368
2020-03-06,6742
2020-03-13,6587
2020-03-20,6666
2020-03-27,6125
2020-04-03,6191
2020-04-10,6483
2020-04-17,7150
2020-04-24,8181
2020-05-01,8830
2020-05-08,9408
2020-05-15,9733
2020-05-22,10320
2020-05-29,11803
2020-06-05,12405
2020-06-12,12725
2020-06-19,13247
2020-06-26,13095
2020-07-03,12961
2020-07-10,12767
2020-07-17,12741
2020-07-24,12964
2020-07-31,13292
2020-08-07,12570
2020-08-14,12321
2020-08-21,12319
2020-08-28,12306
2020-09-04,12720
2020-09-11,12737
2020-09-18,12513
2020-09-25,12661
2020-10-02,12242
2020-10-09,11650
2020-10-16,11859
2020-10-23,12755
2020-10-30,12920
2020-11-06,12948
2020-11-13,12579
2020-11-20,12312
2020-11-27,11794
2020-12-04,12894
2020-12-11,11974
2020-12-18,12090
2020-12-25,11853
2021-01-01,12095
2021-01-08,12139
2021-01-15,11923
2021-01-22,11302
2021-01-29,11509
2021-02-05,11132
2021-02-12,10841
2021-02-19,10537
2021-02-26,9684
2021-03-05,9023
2021-03-12,9810
2021-03-19,9082
2021-03-26,9340
2021-04-02,9231
2021-04-09,9463
2021-04-16,8875
2021-04-23,8573
2021-04-30,8237
2021-05-07,8071
2021-05-14,8077
2021-05-21,7521
2021-05-28,6948
2021-06-04,6669
2021-06-11,6912
2021-06-18,7653
2021-06-25,7560
2021-07-02,7031
2021-07-09,6906
2021-07-16,6694
2021-07-23,6743
2021-07-30,6412
2021-08-06,6213
2021-08-13,6843
2021-08-20,7528
2021-08-27,7092
2021-09-03,7462
2021-09-10,7835
2021-09-17,7508
2021-09-24,7067
2021-10-01,6871
2021-10-08,6617
2021-10-15,6717
2021-10-22,7142
2021-10-29,7778
2021-11-05,7471
2021-11-12,7750
2021-11-19,7646
2021-11-26,7239
2021-12-03,7656
2021-12-10,7129
2021-12-17,6842
2021-12-24,6797
2021-12-31,6719
2022-01-07,6730
2022-01-14,6117
2022-01-21,5478
2022-01-28,5209
2022-02-04,4992
2022-02-11,5537
2022-02-18,5887
2022-02-25,6016
2022-03-04,5504
2022-03-11,5726
2022-03-18,5614
2022-03-25,5651
2022-04-01,4942
2022-04-08,4525
2022-04-15,4264
2022-04-22,3858
2022-04-29,3386
2022-05-06,3251
2022-05-13,3291
2022-05-20,2917
2022-05-27,3056
2022-06-03,3000
2022-06-10,3195
2022-06-17,3246
2022-06-24,3246
2022-07-01,2808
2022-07-08,3322
2022-07-15,3257
2022-07-22,3443
2022-07-29,3312
2022-08-05,3056
2022-08-12,3012
2022-08-19,3121
2022-08-26,3246
2022-09-02,3220
2022-09-09,3402
2022-09-16,3741
2022-09-23,3458
2022-09-30,3564
2022-10-07,3426
2022-10-14,3485
2022-10-21,3263
2022-10-28,3571
2022-11-04,3523
2022-11-11,3686
2022-11-18,3802
2022-11-25,4141
2022-12-02,4131
2022-12-09,4462
2022-12-16,4277
2022-12-23,4018
2022-12-30,3346
2023-01-06,4196
2023-01-13,4289
2023-01-20,4439
2023-01-27,4784
2023-02-03,5170
2023-02-10,4601
2023-02-17,4613
2023-02-24,4465
2023-03-03,4344
2023-03-10,4605
2023-03-17,4315
2023-03-24,4350
2023-03-31,4238
2023-04-07,3927
2023-04-14,3878
2023-04-21,4048
2023-04-28,3783
2023-05-05,3570
2023-05-12,3073
2023-05-19,3512
2023-05-26,3373
2023-06-02,3549
2023-06-09,3316
2023-06-16,3700
2023-06-23,3471
2023-06-30,3417
2023-07-07,3465
2023-07-14,3244
2023-07-21,3461
2023-07-28,3367
2023-08-04,3147
2023-08-11,3101
2023-08-18,2986
2023-08-25,3348
2023-09-01,3164
2023-09-08,3681
2023-09-15,3582
2023-09-22,3201
2023-09-29,3157
2023-10-06,2961
2023-10-13,2823
2023-10-20,3431
2023-10-27,3202
2023-11-03,3325
2023-11-10,3744
2023-11-17,3445
2023-11-24,3502
2023-12-01,3047
2023-12-08,3868
2023-12-15,3784
2023-12-22,4267
2023-12-29,4927
2024-01-05,5789
2024-01-12,5181
2024-01-19,4782
2024-01-26,4767
2024-02-02,4919
2024-02-09,4992
2024-02-16,4818
2024-02-23,5089
2024-03-01,4789
2024-03-08,4285
2024-03-15,4549
2024-03-22,4784
2024-03-29,4227
2024-04-05,4151
2024-04-12,3950
2024-04-19,3943
2024-04-26,3463
2024-05-03,3447
2024-05-10,3307
2024-05-17,3506
2024-05-24,3924
2024-05-31,4258
2024-06-07,4285
2024-06-14,3883
2024-06-21,4127
2024-06-28,4177
2024-07-05,4064
2024-07-12,4589
2024-07-19,4110
2024-07-26,4210
2024-08-02,3926
2024-08-09,4146
2024-08-16,3932
2024-08-23,4435
