date,padd1a-conventional gasoline retail price (nominal),padd1a-no. 2 diesel low sulfur retail price (nominal),padd1a-no. 2 diesel retail price (nominal),padd1a-reformulated motor gasoline retail price (nominal),padd1a-total gasoline retail price (nominal)
1993-04-05,,,,,1.068
1993-04-12,,,,,1.073
1993-04-19,,,,,1.074
1993-04-26,,,,,1.076
1993-05-03,,,,,1.08
1993-05-10,,,,,1.091
1993-05-17,,,,,1.096
1993-05-24,,,,,1.096
1993-05-31,,,,,1.097
1993-06-07,,,,,1.102
1993-06-14,,,,,1.103
1993-06-21,,,,,1.101
1993-06-28,,,,,1.1
1993-07-05,,,,,1.096
1993-07-12,,,,,1.095
1993-07-19,,,,,1.091
1993-07-26,,,,,1.089
1993-08-02,,,,,1.086
1993-08-09,,,,,1.081
1993-08-16,,,,,1.077
1993-08-23,,,,,1.072
1993-08-30,,,,,1.069
1993-09-06,,,,,1.065
1993-09-13,,,,,1.068
1993-09-20,,,,,1.063
1993-09-27,,,,,1.06
1993-10-04,,,,,1.101
1993-10-11,,,,,1.092
1993-10-18,,,,,1.093
1993-10-25,,,,,1.091
1993-11-01,,,,,1.087
1993-11-08,,,,,1.081
1993-11-15,,,,,1.081
1993-11-22,,,,,1.076
1993-11-29,,,,,1.074
1993-12-06,,,,,1.064
1993-12-13,,,,,1.055
1993-12-20,,,,,1.047
1993-12-27,,,,,1.04
1994-01-03,,,,,1.037
1994-01-10,,,,,1.036
1994-01-17,,,,,1.036
1994-01-24,,,,,1.032
1994-01-31,,,,,1.028
1994-02-07,,,,,1.028
1994-02-14,,,,,1.033
1994-02-21,,,,,1.035
1994-02-28,,,,,1.036
1994-03-07,,,,,1.041
1994-03-14,,,,,1.038
1994-03-21,,,,,1.034
1994-03-28,,,,,1.033
1994-04-04,,,,,1.032
1994-04-11,,,,,1.033
1994-04-18,,,,,1.036
1994-04-25,,,,,1.039
1994-05-02,,,,,1.043
1994-05-09,,,,,1.046
1994-05-16,,,,,1.057
1994-05-23,,,,,1.061
1994-05-30,,,,,1.066
1994-06-06,,,,,1.071
1994-06-13,,,,,1.078
1994-06-20,,,,,1.087
1994-06-27,,,,,1.096
1994-07-04,,,,,1.105
1994-07-11,,,,,1.105
1994-07-18,,,,,1.108
1994-07-25,,,,,1.112
1994-08-01,,,,,1.122
1994-08-08,,,,,1.148
1994-08-15,,,,,1.162
1994-08-22,,,,,1.166
1994-08-29,,,,,1.167
1994-09-05,,,,,1.164
1994-09-12,,,,,1.16
1994-09-19,,,,,1.152
1994-09-26,,,,,1.146
1994-10-03,,,,,1.136
1994-10-10,,,,,1.137
1994-10-17,,,,,1.138
1994-10-24,,,,,1.135
1994-10-31,,,,,1.148
1994-11-07,,,,,1.159
1994-11-14,,,,,1.161
1994-11-21,,,,,1.161
1994-11-28,1.232,,,1.179,1.177
1994-12-05,1.202,,,1.219,1.21
1994-12-12,1.185,,,1.234,1.225
1994-12-19,1.166,,,1.247,1.237
1994-12-26,1.161,,,1.239,1.23
1995-01-02,1.159,,,1.236,1.227
1995-01-09,1.154,,,1.234,1.225
1995-01-16,1.153,,,1.229,1.22
1995-01-23,1.149,,,1.232,1.222
1995-01-30,1.149,,,1.228,1.219
1995-02-06,1.151,,,1.228,1.219
1995-02-13,1.146,,,1.228,1.218
1995-02-20,1.144,,,1.225,1.216
1995-02-27,1.144,,,1.226,1.216
1995-03-06,1.142,,,1.221,1.212
1995-03-13,1.142,,,1.216,1.207
1995-03-20,1.142,,,1.211,1.203
1995-03-27,1.133,,,1.207,1.198
1995-04-03,1.137,,,1.208,1.2
1995-04-10,1.144,,,1.21,1.202
1995-04-17,1.151,,,1.217,1.209
1995-04-24,1.172,,,1.236,1.228
1995-05-01,1.189,,,1.25,1.243
1995-05-08,1.204,,,1.268,1.261
1995-05-15,1.212,,,1.285,1.276
1995-05-22,1.234,,,1.299,1.292
1995-05-29,1.259,,,1.318,1.311
1995-06-05,1.263,,,1.321,1.314
1995-06-12,1.266,,,1.322,1.315
1995-06-19,1.266,,,1.321,1.315
1995-06-26,1.26,,,1.32,1.313
1995-07-03,1.26,,,1.319,1.313
1995-07-10,1.256,,,1.317,1.31
1995-07-17,1.252,,,1.315,1.308
1995-07-24,1.248,,,1.309,1.302
1995-07-31,1.243,,,1.303,1.296
1995-08-07,1.24,,,1.298,1.291
1995-08-14,1.237,,,1.291,1.285
1995-08-21,1.236,,,1.287,1.281
1995-08-28,1.234,,,1.284,1.278
1995-09-04,1.232,,,1.281,1.275
1995-09-11,1.234,,,1.279,1.274
1995-09-18,1.23,,,1.275,1.271
1995-09-25,1.225,,,1.273,1.267
1995-10-02,1.226,,,1.271,1.266
1995-10-09,1.221,,,1.266,1.261
1995-10-16,1.221,,,1.26,1.256
1995-10-23,1.215,,,1.252,1.247
1995-10-30,1.203,,,1.241,1.236
1995-11-06,1.19,,,1.23,1.226
1995-11-13,1.166,,,1.224,1.217
1995-11-20,1.162,,,1.215,1.209
1995-11-27,1.158,,,1.21,1.204
1995-12-04,1.165,,,1.216,1.21
1995-12-11,1.161,,,1.219,1.213
1995-12-18,1.158,,,1.228,1.22
1995-12-25,1.176,,,1.229,1.222
1996-01-01,1.197,,,1.239,1.234
1996-01-08,1.184,,,1.242,1.235
1996-01-15,1.185,,,1.246,1.239
1996-01-22,1.179,,,1.244,1.236
1996-01-29,1.181,,,1.241,1.234
1996-02-05,1.17,,,1.237,1.229
1996-02-12,1.168,,,1.233,1.225
1996-02-19,1.171,,,1.23,1.223
1996-02-26,1.177,,,1.231,1.224
1996-03-04,1.179,,,1.236,1.23
1996-03-11,1.179,,,1.237,1.23
1996-03-18,1.179,,,1.237,1.231
1996-03-25,1.196,,,1.253,1.246
1996-04-01,1.206,,,1.27,1.262
1996-04-08,1.223,,,1.288,1.281
1996-04-15,1.271,,,1.33,1.324
1996-04-22,1.279,,,1.344,1.337
1996-04-29,1.314,,,1.365,1.359
1996-05-06,1.332,,,1.384,1.378
1996-05-13,1.335,,,1.389,1.383
1996-05-20,1.339,,,1.392,1.386
1996-05-27,1.338,,,1.388,1.382
1996-06-03,1.331,,,1.388,1.381
1996-06-10,1.322,,,1.382,1.375
1996-06-17,1.312,,,1.371,1.364
1996-06-24,1.304,,,1.365,1.358
1996-07-01,1.297,,,1.355,1.348
1996-07-08,1.295,,,1.351,1.345
1996-07-15,1.288,,,1.344,1.338
1996-07-22,1.292,,,1.341,1.336
1996-07-29,1.28,,,1.335,1.329
1996-08-05,1.285,,,1.326,1.321
1996-08-12,1.281,,,1.322,1.317
1996-08-19,1.279,,,1.318,1.313
1996-08-26,1.283,,,1.319,1.315
1996-09-02,1.282,,,1.317,1.312
1996-09-09,1.281,,,1.317,1.312
1996-09-16,1.286,,,1.317,1.313
1996-09-23,1.287,,,1.319,1.316
1996-09-30,1.284,,,1.318,1.314
1996-10-07,1.278,,,1.32,1.315
1996-10-14,1.275,,,1.322,1.317
1996-10-21,1.275,,,1.325,1.32
1996-10-28,1.285,,,1.332,1.326
1996-11-04,1.288,,,1.345,1.338
1996-11-11,1.286,,,1.346,1.339
1996-11-18,1.3,,,1.357,1.351
1996-11-25,1.305,,,1.368,1.36
1996-12-02,1.315,,,1.378,1.37
1996-12-09,1.336,,,1.39,1.384
1996-12-16,1.339,,,1.395,1.389
1996-12-23,1.339,,,1.399,1.392
1996-12-30,1.337,,,1.401,1.393
1997-01-06,1.339,,,1.401,1.394
1997-01-13,1.333,,,1.4,1.392
1997-01-20,1.335,,,1.397,1.39
1997-01-27,1.326,,,1.395,1.387
1997-02-03,1.325,,,1.394,1.386
1997-02-10,1.319,,,1.394,1.385
1997-02-17,1.312,,,1.387,1.379
1997-02-24,1.306,,,1.378,1.369
1997-03-03,1.297,,,1.367,1.359
1997-03-10,1.287,,,1.358,1.349
1997-03-17,1.281,,,1.347,1.34
1997-03-24,1.268,,,1.347,1.338
1997-03-31,1.267,,,1.343,1.334
1997-04-07,1.255,,,1.34,1.33
1997-04-14,1.25,,,1.333,1.324
1997-04-21,1.243,,,1.325,1.316
1997-04-28,1.247,,,1.316,1.309
1997-05-05,1.235,,,1.309,1.301
1997-05-12,1.226,,,1.307,1.298
1997-05-19,1.231,,,1.306,1.298
1997-05-26,1.238,,1.238,1.315,1.306
1997-06-02,1.243,,1.238,1.319,1.31
1997-06-09,1.241,,1.237,1.318,1.309
1997-06-16,1.231,,1.24,1.314,1.305
1997-06-23,1.228,,1.229,1.307,1.298
1997-06-30,1.22,,1.218,1.301,1.292
1997-07-07,1.213,,1.212,1.293,1.284
1997-07-14,1.209,,1.221,1.285,1.277
1997-07-21,1.21,,1.214,1.286,1.277
1997-07-28,1.21,,1.209,1.287,1.279
1997-08-04,1.244,,1.212,1.314,1.306
1997-08-11,1.273,,1.222,1.34,1.332
1997-08-18,1.297,,1.226,1.355,1.349
1997-08-25,1.316,,1.224,1.389,1.381
1997-09-01,1.324,,1.225,1.396,1.387
1997-09-08,1.325,,1.22,1.396,1.387
1997-09-15,1.321,,1.22,1.388,1.381
1997-09-22,1.306,,1.214,1.377,1.369
1997-09-29,1.294,,1.22,1.369,1.36
1997-10-06,1.281,,1.216,1.363,1.354
1997-10-13,1.287,,1.226,1.36,1.351
1997-10-20,1.286,,1.225,1.351,1.343
1997-10-27,1.274,,1.223,1.342,1.334
1997-11-03,1.268,,1.223,1.334,1.326
1997-11-10,1.259,,1.222,1.326,1.318
1997-11-17,1.256,,1.223,1.317,1.31
1997-11-24,1.253,,1.233,1.312,1.305
1997-12-01,1.244,,1.233,1.302,1.295
1997-12-08,1.231,,1.232,1.292,1.285
1997-12-15,1.216,,1.228,1.282,1.274
1997-12-22,1.203,,1.223,1.27,1.262
1997-12-29,1.205,,1.223,1.265,1.258
1998-01-05,1.198,,1.219,1.26,1.253
1998-01-12,1.189,,1.216,1.247,1.24
1998-01-19,1.175,,1.207,1.234,1.227
1998-01-26,1.169,,1.197,1.226,1.219
1998-02-02,1.163,,1.199,1.218,1.211
1998-02-09,1.141,,1.185,1.207,1.2
1998-02-16,1.127,,1.179,1.193,1.186
1998-02-23,1.114,,1.174,1.187,1.178
1998-03-02,1.101,,1.163,1.174,1.165
1998-03-09,1.085,,1.149,1.156,1.148
1998-03-16,1.07,,1.141,1.139,1.131
1998-03-23,1.048,,1.131,1.123,1.114
1998-03-30,1.076,,1.135,1.134,1.127
1998-04-06,1.081,,1.129,1.141,1.134
1998-04-13,1.082,,1.125,1.137,1.13
1998-04-20,1.078,,1.129,1.133,1.126
1998-04-27,1.076,,1.126,1.129,1.123
1998-05-04,1.078,,1.125,1.132,1.126
1998-05-11,1.089,,1.127,1.14,1.134
1998-05-18,1.119,,1.12,1.119,1.119
1998-05-25,1.127,,1.115,1.125,1.125
1998-06-01,1.127,,1.11,1.123,1.123
1998-06-08,1.127,,1.108,1.124,1.125
1998-06-15,1.125,,1.108,1.126,1.125
1998-06-22,1.117,,1.105,1.123,1.122
1998-06-29,1.117,,1.104,1.123,1.122
1998-07-06,1.116,,1.099,1.112,1.112
1998-07-13,1.108,,1.097,1.104,1.104
1998-07-20,1.115,,1.097,1.103,1.104
1998-07-27,1.113,,1.092,1.1,1.101
1998-08-03,1.108,,1.083,1.093,1.094
1998-08-10,1.102,,1.078,1.091,1.092
1998-08-17,1.099,,1.077,1.089,1.09
1998-08-24,1.091,,1.075,1.084,1.084
1998-08-31,1.088,,1.075,1.079,1.079
1998-09-07,1.078,,1.066,1.071,1.072
1998-09-14,1.084,,1.08,1.07,1.072
1998-09-21,1.077,,1.072,1.066,1.067
1998-09-28,1.085,,1.084,1.075,1.076
1998-10-05,1.091,,1.086,1.08,1.081
1998-10-12,1.095,,1.093,1.087,1.088
1998-10-19,1.093,,1.092,1.085,1.086
1998-10-26,1.092,,1.096,1.083,1.084
1998-11-02,1.089,,1.092,1.079,1.08
1998-11-09,1.089,,1.092,1.078,1.079
1998-11-16,1.084,,1.094,1.075,1.075
1998-11-23,1.078,,1.091,1.071,1.071
1998-11-30,1.071,,1.092,1.067,1.067
1998-12-07,1.054,,1.082,1.06,1.059
1998-12-14,1.042,,1.076,1.055,1.054
1998-12-21,1.031,,1.077,1.051,1.049
1998-12-28,1.028,,1.073,1.045,1.043
1999-01-04,1.022,,1.071,1.044,1.042
1999-01-11,1.021,,1.072,1.039,1.037
1999-01-18,1.024,,1.073,1.039,1.037
1999-01-25,1.007,,1.068,1.032,1.029
1999-02-01,1.001,,1.063,1.021,1.019
1999-02-08,.994,,1.063,1.018,1.016
1999-02-15,.993,,1.065,1.012,1.01
1999-02-22,.99,,1.056,1.001,.999
1999-03-01,.985,,1.049,.995,.993
1999-03-08,.979,,1.05,.995,.993
1999-03-15,1.004,,1.058,1.02,1.018
1999-03-22,1.044,,1.067,1.046,1.046
1999-03-29,1.075,,1.078,1.076,1.076
1999-04-05,1.122,,1.093,1.112,1.113
1999-04-12,1.143,,1.105,1.137,1.138
1999-04-19,1.15,,1.101,1.145,1.146
1999-04-26,1.159,,1.101,1.156,1.156
1999-05-03,1.169,,1.103,1.159,1.16
1999-05-10,1.174,,1.111,1.168,1.168
1999-05-17,1.173,,1.103,1.171,1.171
1999-05-24,1.17,,1.112,1.168,1.168
1999-05-31,1.164,,1.11,1.168,1.167
1999-06-07,1.153,,1.11,1.167,1.166
1999-06-14,1.153,,1.108,1.168,1.166
1999-06-21,1.15,,1.11,1.168,1.166
1999-06-28,1.147,,1.107,1.166,1.164
1999-07-05,1.158,,1.119,1.177,1.175
1999-07-12,1.186,,1.144,1.2,1.198
1999-07-19,1.199,,1.153,1.215,1.213
1999-07-26,1.214,,1.161,1.235,1.232
1999-08-02,1.249,,1.18,1.25,1.25
1999-08-09,1.269,,1.182,1.266,1.266
1999-08-16,1.289,,1.189,1.288,1.288
1999-08-23,1.297,,1.199,1.297,1.296
1999-08-30,1.301,,1.205,1.298,1.298
1999-09-06,1.311,,1.207,1.309,1.309
1999-09-13,1.324,,1.226,1.316,1.316
1999-09-20,1.34,,1.239,1.329,1.33
1999-09-27,1.35,,1.255,1.335,1.336
1999-10-04,1.375,,1.283,1.355,1.356
1999-10-11,1.395,,1.288,1.356,1.36
1999-10-18,1.394,,1.288,1.356,1.36
1999-10-25,1.389,,1.276,1.354,1.357
1999-11-01,1.387,,1.279,1.352,1.355
1999-11-08,1.381,,1.284,1.348,1.351
1999-11-15,1.38,,1.291,1.35,1.353
1999-11-22,1.39,,1.32,1.357,1.36
1999-11-29,1.393,,1.344,1.37,1.372
1999-12-06,1.4,,1.355,1.372,1.375
1999-12-13,1.376,,1.354,1.377,1.376
1999-12-20,1.368,,1.358,1.38,1.378
1999-12-27,1.378,,1.367,1.382,1.381
2000-01-03,1.375,,1.372,1.386,1.384
2000-01-10,1.372,,1.374,1.385,1.384
2000-01-17,1.38,,1.441,1.38,1.38
2000-01-24,1.406,,1.836,1.403,1.403
2000-01-31,1.407,,1.966,1.404,1.404
2000-02-07,1.414,,2.122,1.408,1.408
2000-02-14,1.429,,1.93,1.42,1.42
2000-02-21,1.455,,1.739,1.446,1.447
2000-02-28,1.468,,1.643,1.456,1.457
2000-03-06,1.573,,1.609,1.534,1.538
2000-03-13,1.615,,1.589,1.582,1.585
2000-03-20,1.602,,1.549,1.595,1.596
2000-03-27,1.578,,1.505,1.59,1.588
2000-04-03,1.563,,1.485,1.569,1.569
2000-04-10,1.538,,1.469,1.559,1.556
2000-04-17,1.51,,1.468,1.54,1.537
2000-04-24,1.489,,1.48,1.532,1.527
2000-05-01,1.487,,1.49,1.522,1.518
2000-05-08,1.498,,1.482,1.522,1.519
2000-05-15,1.527,,1.487,1.541,1.539
2000-05-22,1.561,,1.5,1.58,1.578
2000-05-29,1.577,,1.518,1.599,1.597
2000-06-05,1.612,,1.523,1.638,1.622
2000-06-12,1.627,,1.51,1.667,1.653
2000-06-19,1.647,,1.51,1.693,1.677
2000-06-26,1.659,,1.512,1.708,1.691
2000-07-03,1.671,,1.528,1.712,1.699
2000-07-10,1.66,,1.525,1.696,1.682
2000-07-17,1.649,,1.522,1.687,1.675
2000-07-24,1.638,,1.519,1.678,1.665
2000-07-31,1.618,,1.515,1.663,1.65
2000-08-07,1.597,,1.513,1.656,1.64
2000-08-14,1.588,,1.515,1.65,1.633
2000-08-21,1.584,,1.529,1.64,1.624
2000-08-28,1.585,,1.578,1.638,1.623
2000-09-04,1.595,,1.632,1.639,1.623
2000-09-11,1.62,,1.661,1.656,1.642
2000-09-18,1.62,,1.692,1.657,1.645
2000-09-25,1.624,,1.694,1.657,1.645
2000-10-02,1.612,,1.675,1.648,1.636
2000-10-09,1.603,,1.678,1.638,1.628
2000-10-16,1.629,,1.728,1.627,1.618
2000-10-23,1.619,,1.708,1.628,1.62
2000-10-30,1.632,,1.718,1.633,1.617
2000-11-06,1.629,,1.708,1.633,1.623
2000-11-13,1.628,,1.708,1.625,1.619
2000-11-20,1.624,,1.739,1.624,1.616
2000-11-27,1.626,,1.757,1.625,1.617
2000-12-04,1.619,,1.762,1.614,1.607
2000-12-11,1.6,,1.757,1.598,1.59
2000-12-18,1.573,,1.736,1.585,1.576
2000-12-25,1.559,,1.708,1.574,1.566
2001-01-01,1.547,,1.7,1.563,1.557
2001-01-08,1.528,,1.69,1.552,1.545
2001-01-15,1.524,,1.675,1.555,1.548
2001-01-22,1.532,,1.655,1.555,1.544
2001-01-29,1.526,,1.649,1.551,1.54
2001-02-05,1.522,,1.633,1.542,1.532
2001-02-12,1.525,,1.626,1.544,1.534
2001-02-19,1.528,,1.607,1.541,1.532
2001-02-26,1.516,,1.57,1.534,1.525
2001-03-05,1.514,,1.557,1.524,1.515
2001-03-12,1.497,,1.546,1.519,1.51
2001-03-19,1.489,,1.523,1.495,1.487
2001-03-26,1.483,,1.508,1.485,1.477
2001-04-02,1.482,,1.514,1.485,1.478
2001-04-09,1.496,,1.514,1.52,1.511
2001-04-16,1.576,,1.548,1.565,1.566
2001-04-23,1.613,,1.551,1.622,1.621
2001-04-30,1.638,,1.541,1.671,1.668
2001-05-07,1.676,,1.541,1.716,1.712
2001-05-14,1.682,,1.533,1.764,1.756
2001-05-21,1.679,,1.519,1.77,1.761
2001-05-28,1.681,,1.539,1.804,1.791
2001-06-04,1.669,,1.531,1.803,1.79
2001-06-11,1.643,,1.525,1.797,1.781
2001-06-18,1.617,,1.525,1.773,1.757
2001-06-25,1.584,,1.518,1.748,1.731
2001-07-02,1.539,,1.505,1.71,1.692
2001-07-09,1.499,,1.5,1.678,1.659
2001-07-16,1.456,,1.485,1.639,1.62
2001-07-23,1.431,,1.472,1.596,1.579
2001-07-30,1.426,,1.459,1.553,1.54
2001-08-06,1.418,,1.455,1.528,1.517
2001-08-13,1.42,,1.455,1.512,1.503
2001-08-20,1.442,,1.461,1.505,1.498
2001-08-27,1.455,,1.46,1.493,1.489
2001-09-03,1.478,,1.456,1.494,1.492
2001-09-10,1.485,,1.466,1.489,1.489
2001-09-17,1.492,,1.488,1.493,1.493
2001-09-24,1.483,,1.49,1.489,1.489
2001-10-01,1.463,,1.458,1.464,1.464
2001-10-08,1.447,,1.447,1.434,1.435
2001-10-15,1.427,,1.426,1.414,1.416
2001-10-22,1.409,,1.42,1.377,1.38
2001-10-29,1.376,,1.397,1.341,1.345
2001-11-05,1.352,,1.383,1.303,1.308
2001-11-12,1.322,,1.368,1.277,1.282
2001-11-19,1.291,,1.356,1.248,1.253
2001-11-26,1.261,,1.339,1.219,1.224
2001-12-03,1.226,,1.313,1.185,1.189
2001-12-10,1.196,,1.314,1.168,1.171
2001-12-17,1.172,,1.301,1.157,1.158
2001-12-24,1.171,,1.294,1.152,1.154
2001-12-31,1.183,,1.289,1.154,1.157
2002-01-07,1.198,,1.291,1.173,1.175
2002-01-14,1.213,,1.295,1.195,1.197
2002-01-21,1.21,,1.295,1.196,1.198
2002-01-28,1.211,,1.293,1.194,1.196
2002-02-04,1.209,,1.292,1.191,1.193
2002-02-11,1.214,,1.285,1.19,1.192
2002-02-18,1.219,,1.29,1.195,1.197
2002-02-25,1.219,,1.286,1.197,1.199
2002-03-04,1.217,,1.289,1.202,1.203
2002-03-11,1.246,,1.304,1.248,1.248
2002-03-18,1.318,,1.32,1.314,1.315
2002-03-25,1.37,,1.346,1.372,1.372
2002-04-01,1.394,,1.35,1.405,1.403
2002-04-08,1.423,,1.378,1.432,1.431
2002-04-15,1.433,,1.387,1.452,1.45
2002-04-22,1.433,,1.388,1.463,1.46
2002-04-29,1.435,,1.391,1.464,1.461
2002-05-06,1.437,,1.393,1.467,1.464
2002-05-13,1.435,,1.399,1.462,1.459
2002-05-20,1.432,,1.397,1.463,1.459
2002-05-27,1.431,,1.396,1.461,1.458
2002-06-03,1.425,,1.396,1.454,1.451
2002-06-10,1.42,,1.391,1.451,1.448
2002-06-17,1.411,,1.386,1.446,1.443
2002-06-24,1.411,,1.379,1.438,1.435
2002-07-01,1.407,,1.383,1.43,1.428
2002-07-08,1.407,,1.386,1.428,1.426
2002-07-15,1.412,,1.384,1.44,1.437
2002-07-22,1.436,,1.398,1.462,1.459
2002-07-29,1.45,,1.396,1.471,1.469
2002-08-05,1.459,,1.406,1.483,1.48
2002-08-12,1.453,,1.407,1.483,1.48
2002-08-19,1.452,,1.416,1.486,1.482
2002-08-26,1.454,,1.418,1.491,1.488
2002-09-02,1.453,,1.429,1.49,1.486
2002-09-09,1.453,,1.432,1.487,1.484
2002-09-16,1.451,,1.455,1.486,1.482
2002-09-23,1.453,,1.457,1.487,1.484
2002-09-30,1.471,,1.468,1.492,1.489
2002-10-07,1.478,,1.48,1.496,1.494
2002-10-14,1.483,,1.486,1.496,1.495
2002-10-21,1.495,,1.488,1.5,1.5
2002-10-28,1.503,,1.496,1.51,1.509
2002-11-04,1.507,,1.497,1.511,1.51
2002-11-11,1.523,,1.493,1.533,1.532
2002-11-18,1.519,,1.492,1.536,1.534
2002-11-25,1.516,,1.494,1.526,1.525
2002-12-02,1.514,,1.495,1.527,1.525
2002-12-09,1.507,,1.492,1.522,1.52
2002-12-16,1.505,,1.495,1.517,1.516
2002-12-23,1.52,,1.524,1.518,1.518
2002-12-30,1.543,,1.554,1.544,1.544
2003-01-06,1.552,,1.565,1.556,1.556
2003-01-13,1.548,,1.593,1.56,1.559
2003-01-20,1.547,,1.594,1.56,1.559
2003-01-27,1.545,,1.608,1.563,1.561
2003-02-03,1.589,,1.643,1.597,1.597
2003-02-10,1.668,,1.834,1.678,1.677
2003-02-17,1.705,,1.885,1.723,1.721
2003-02-24,1.705,,1.888,1.719,1.718
2003-03-03,1.708,,1.954,1.718,1.717
2003-03-10,1.704,,2.001,1.723,1.721
2003-03-17,1.717,,1.991,1.743,1.741
2003-03-24,1.708,,1.892,1.727,1.725
2003-03-31,1.687,,1.823,1.707,1.705
2003-04-07,1.663,,1.746,1.694,1.691
2003-04-14,1.626,,1.691,1.677,1.672
2003-04-21,1.612,,1.685,1.653,1.649
2003-04-28,1.602,,1.662,1.638,1.634
2003-05-05,1.585,,1.635,1.615,1.612
2003-05-12,1.548,,1.612,1.586,1.582
2003-05-19,1.536,,1.581,1.572,1.569
2003-05-26,1.523,,1.576,1.556,1.553
2003-06-02,1.525,,1.57,1.551,1.548
2003-06-09,1.517,,1.563,1.549,1.543
2003-06-16,1.527,,1.563,1.561,1.555
2003-06-23,1.519,,1.556,1.559,1.551
2003-06-30,1.509,,1.563,1.553,1.544
2003-07-07,1.519,,1.566,1.553,1.546
2003-07-14,1.536,,1.558,1.571,1.564
2003-07-21,1.559,,1.565,1.583,1.578
2003-07-28,1.559,,1.564,1.582,1.578
2003-08-04,1.558,,1.565,1.596,1.588
2003-08-11,1.598,,1.571,1.62,1.615
2003-08-18,1.63,,1.582,1.648,1.644
2003-08-25,1.747,,1.573,1.815,1.802
2003-09-01,1.78,,1.575,1.869,1.851
2003-09-08,1.762,,1.571,1.853,1.835
2003-09-15,1.743,,1.568,1.837,1.818
2003-09-22,1.716,,1.553,1.814,1.794
2003-09-29,1.7,,1.555,1.787,1.77
2003-10-06,1.682,,1.558,1.762,1.746
2003-10-13,1.665,,1.575,1.746,1.73
2003-10-20,1.66,,1.588,1.73,1.716
2003-10-27,1.648,,1.587,1.699,1.689
2003-11-03,1.626,,1.584,1.669,1.66
2003-11-10,1.603,,1.579,1.639,1.632
2003-11-17,1.602,,1.581,1.609,1.607
2003-11-24,1.614,,1.603,1.606,1.607
2003-12-01,1.614,,1.605,1.597,1.6
2003-12-08,1.597,,1.606,1.581,1.584
2003-12-15,1.593,,1.623,1.575,1.578
2003-12-22,1.608,,1.649,1.58,1.586
2003-12-29,1.607,,1.656,1.579,1.584
2004-01-05,1.616,,1.662,1.589,1.594
2004-01-12,1.661,,1.713,1.634,1.64
2004-01-19,1.694,,1.748,1.666,1.672
2004-01-26,1.718,,1.777,1.701,1.704
2004-02-02,1.727,,1.786,1.708,1.712
2004-02-09,1.718,,1.773,1.706,1.709
2004-02-16,1.721,,1.765,1.707,1.71
2004-02-23,1.749,,1.767,1.726,1.731
2004-03-01,1.766,,1.767,1.745,1.749
2004-03-08,1.791,,1.762,1.767,1.771
2004-03-15,1.79,,1.756,1.767,1.772
2004-03-22,1.797,,1.76,1.778,1.782
2004-03-29,1.8,,1.757,1.784,1.787
2004-04-05,1.797,,1.755,1.786,1.788
2004-04-12,1.793,,1.748,1.775,1.778
2004-04-19,1.806,,1.757,1.798,1.8
2004-04-26,1.812,,1.755,1.811,1.811
2004-05-03,1.844,,1.754,1.842,1.843
2004-05-10,1.962,,1.768,1.964,1.963
2004-05-17,2.06,,1.804,2.07,2.068
2004-05-24,2.11,,1.806,2.123,2.121
2004-05-31,2.126,,1.815,2.155,2.149
2004-06-07,2.116,,1.816,2.16,2.151
2004-06-14,2.078,,1.81,2.143,2.13
2004-06-21,2.045,,1.807,2.107,2.095
2004-06-28,2.011,,1.804,2.068,2.057
2004-07-05,1.991,,1.802,2.032,2.024
2004-07-12,1.985,,1.812,2.011,2.005
2004-07-19,1.989,,1.822,2.002,2
2004-07-26,1.982,,1.836,1.985,1.984
2004-08-02,1.971,,1.857,1.979,1.978
2004-08-09,1.964,,1.889,1.968,1.967
2004-08-16,1.961,,1.91,1.966,1.965
2004-08-23,1.977,,1.944,1.975,1.975
2004-08-30,1.963,,1.956,1.96,1.961
2004-09-06,1.945,,1.949,1.939,1.941
2004-09-13,1.934,,1.954,1.924,1.926
2004-09-20,1.929,,1.988,1.918,1.92
2004-09-27,1.984,,2.102,1.96,1.965
2004-10-04,2.005,,2.155,1.99,1.993
2004-10-11,2.052,,2.212,2.025,2.031
2004-10-18,2.094,,2.29,2.081,2.084
2004-10-25,2.11,,2.329,2.088,2.093
2004-11-01,2.105,,2.33,2.087,2.091
2004-11-08,2.083,,2.296,2.072,2.074
2004-11-15,2.069,,2.268,2.055,2.058
2004-11-22,2.041,,2.258,2.028,2.031
2004-11-29,2.04,,2.258,2.015,2.02
2004-12-06,2.02,,2.234,1.991,1.997
2004-12-13,1.98,,2.206,1.945,1.952
2004-12-20,1.946,,2.199,1.915,1.921
2004-12-27,1.927,,2.196,1.893,1.9
2005-01-03,1.904,,2.18,1.865,1.873
2005-01-10,1.899,,2.163,1.848,1.858
2005-01-17,1.904,,2.168,1.863,1.871
2005-01-24,1.939,,2.18,1.894,1.903
2005-01-31,1.996,,2.225,1.967,1.972
2005-02-07,2.011,,2.222,1.973,1.981
2005-02-14,2.004,,2.197,1.96,1.969
2005-02-21,1.999,,2.198,1.946,1.957
2005-02-28,1.997,,2.241,1.94,1.951
2005-03-07,2.04,,2.288,2.009,2.015
2005-03-14,2.104,,2.32,2.038,2.051
2005-03-21,2.153,,2.355,2.078,2.093
2005-03-28,2.199,,2.374,2.126,2.14
2005-04-04,2.258,,2.427,2.187,2.201
2005-04-11,2.3,,2.434,2.245,2.256
2005-04-18,2.271,,2.418,2.226,2.235
2005-04-25,2.251,,2.413,2.257,2.256
2005-05-02,2.249,,2.41,2.274,2.269
2005-05-09,2.225,,2.389,2.253,2.247
2005-05-16,2.197,,2.38,2.232,2.225
2005-05-23,2.178,,2.338,2.203,2.198
2005-05-30,2.147,,2.32,2.169,2.165
2005-06-06,2.163,,2.353,2.178,2.175
2005-06-13,2.165,,2.399,2.206,2.198
2005-06-20,2.198,,2.442,2.254,2.243
2005-06-27,2.25,,2.476,2.286,2.279
2005-07-04,2.301,,2.485,2.318,2.315
2005-07-11,2.365,,2.533,2.446,2.43
2005-07-18,2.373,,2.535,2.449,2.434
2005-07-25,2.352,,2.508,2.437,2.42
2005-08-01,2.352,,2.488,2.432,2.416
2005-08-08,2.377,,2.492,2.458,2.442
2005-08-15,2.556,,2.618,2.613,2.602
2005-08-22,2.607,,2.642,2.66,2.649
2005-08-29,2.611,,2.649,2.66,2.65
2005-09-05,3.336,,2.977,3.262,3.277
2005-09-12,3.17,,2.92,3.162,3.164
2005-09-19,2.892,,2.804,2.978,2.961
2005-09-26,2.874,,2.859,2.918,2.909
2005-10-03,2.95,,3.012,2.921,2.927
2005-10-10,2.853,,2.947,2.843,2.845
2005-10-17,2.758,,2.913,2.734,2.738
2005-10-24,2.622,,2.873,2.622,2.622
2005-10-31,2.506,,2.834,2.495,2.497
2005-11-07,2.419,,2.744,2.386,2.393
2005-11-14,2.346,,2.699,2.275,2.29
2005-11-21,2.256,,2.652,2.187,2.201
2005-11-28,2.226,,2.619,2.136,2.154
2005-12-05,2.209,,2.591,2.145,2.157
2005-12-12,2.268,,2.598,2.204,2.217
2005-12-19,2.322,,2.647,2.263,2.275
2005-12-26,2.315,,2.643,2.259,2.27
2006-01-02,2.354,,2.645,2.309,2.318
2006-01-09,2.46,,2.676,2.414,2.423
2006-01-16,2.487,,2.663,2.432,2.443
2006-01-23,2.495,,2.668,2.452,2.46
2006-01-30,2.487,,2.661,2.444,2.452
2006-02-06,2.459,,2.659,2.42,2.428
2006-02-13,2.388,,2.617,2.364,2.368
2006-02-20,2.32,,2.593,2.294,2.299
2006-02-27,2.299,,2.593,2.253,2.263
2006-03-06,2.325,,2.656,2.307,2.311
2006-03-13,2.359,,2.687,2.337,2.342
2006-03-20,2.513,,2.702,2.492,2.496
2006-03-27,2.522,,2.7,2.504,2.507
2006-04-03,2.627,,2.731,2.609,2.613
2006-04-10,2.738,,2.769,2.693,2.702
2006-04-17,2.828,,2.865,2.793,2.8
2006-04-24,2.978,,2.961,2.975,2.976
2006-05-01,2.97,,2.979,2.984,2.981
2006-05-08,2.949,,2.972,2.98,2.974
2006-05-15,2.94,,3.003,3.08,3.052
2006-05-22,2.909,,2.982,3.044,3.017
2006-05-29,2.868,,2.966,3.016,2.986
2006-06-05,2.865,,2.969,3.054,3.017
2006-06-12,2.873,,2.979,3.077,3.036
2006-06-19,2.849,,2.96,3.061,3.019
2006-06-26,2.815,,2.952,3.048,3.002
2006-07-03,2.89,,2.948,3.054,3.021
2006-07-10,2.916,,2.947,3.11,3.072
2006-07-17,2.947,,2.97,3.121,3.086
2006-07-24,2.971,,2.972,3.133,3.101
2006-07-31,3.015,,2.991,3.152,3.125
2006-08-07,3.078,,3.061,3.155,3.139
2006-08-14,3.059,,3.077,3.135,3.12
2006-08-21,3.006,,3.049,3.07,3.057
2006-08-28,2.929,,3.035,2.99,2.978
2006-09-04,2.82,,3.009,2.872,2.861
2006-09-11,2.744,,2.955,2.777,2.771
2006-09-18,2.635,,2.832,2.645,2.643
2006-09-25,2.51,,2.73,2.518,2.517
2006-10-02,2.441,,2.678,2.411,2.417
2006-10-09,2.37,,2.649,2.331,2.339
2006-10-16,2.324,,2.623,2.285,2.293
2006-10-23,2.298,,2.636,2.253,2.262
2006-10-30,2.29,,2.629,2.25,2.258
2006-11-06,2.257,,2.613,2.234,2.239
2006-11-13,2.281,,2.616,2.251,2.257
2006-11-20,2.296,,2.625,2.267,2.273
2006-11-27,2.33,,2.634,2.291,2.298
2006-12-04,2.4,,2.716,2.355,2.364
2006-12-11,2.402,,2.749,2.36,2.368
2006-12-18,2.429,,2.73,2.398,2.405
2006-12-25,2.477,,2.737,2.441,2.448
2007-01-01,2.464,,2.71,2.437,2.443
2007-01-08,2.423,,2.672,2.417,2.418
2007-01-15,2.365,,2.622,2.366,2.366
2007-01-22,2.287,,2.582,2.301,2.298
2007-01-29,2.263,,2.57,2.266,2.266
2007-02-05,2.28,2.595,2.593,2.24,2.248
2007-02-12,2.29,2.627,2.625,2.259,2.265
2007-02-19,2.33,2.637,2.636,2.303,2.308
2007-02-26,2.425,2.652,2.65,2.402,2.407
2007-03-05,2.616,2.694,2.693,2.55,2.563
2007-03-12,2.661,2.732,2.73,2.602,2.614
2007-03-19,2.657,2.721,2.722,2.625,2.631
2007-03-26,2.684,2.712,2.713,2.652,2.658
2007-04-02,2.796,2.783,2.786,2.741,2.752
2007-04-09,2.823,2.819,2.821,2.791,2.797
2007-04-16,2.891,2.868,2.871,2.856,2.863
2007-04-23,2.882,2.862,2.864,2.871,2.873
2007-04-30,2.968,2.868,2.871,2.98,2.977
2007-05-07,3.032,2.872,2.874,3.049,3.045
2007-05-14,3.054,2.864,2.866,3.082,3.076
2007-05-21,3.137,2.881,2.884,3.14,3.14
2007-05-28,3.145,2.885,2.888,3.166,3.162
2007-06-04,3.112,2.88,2.882,3.157,3.148
2007-06-11,3.08,2.88,2.882,3.131,3.121
2007-06-18,3.048,2.873,2.877,3.077,3.072
2007-06-25,3.043,2.92,2.92,3.054,3.052
2007-07-02,3.036,2.93,2.93,3.043,3.042
2007-07-09,3.04,2.942,2.942,3.04,3.04
2007-07-16,3.063,2.959,2.959,3.056,3.057
2007-07-23,3.021,2.95,2.95,3.022,3.022
2007-07-30,2.99,2.946,2.946,2.985,2.986
2007-08-06,2.954,2.955,2.955,2.941,2.944
2007-08-13,2.9,2.923,2.923,2.877,2.882
2007-08-20,2.874,2.915,2.915,2.832,2.84
2007-08-27,2.838,2.906,2.906,2.776,2.788
2007-09-03,2.834,2.915,2.915,2.772,2.785
2007-09-10,2.838,2.968,2.968,2.765,2.779
2007-09-17,2.847,3.025,3.025,2.76,2.777
2007-09-24,2.874,3.1,3.1,2.775,2.795
2007-10-01,2.88,3.117,3.117,2.775,2.796
2007-10-08,2.876,3.123,3.123,2.767,2.788
2007-10-15,2.866,3.122,3.122,2.76,2.782
2007-10-22,2.924,3.182,3.182,2.805,2.829
2007-10-29,2.964,3.25,3.25,2.866,2.885
2007-11-05,3.098,3.375,3.375,3,3.02
2007-11-12,3.188,3.484,3.484,3.099,3.117
2007-11-19,3.187,3.488,3.488,3.115,3.129
2007-11-26,3.21,3.59,3.59,3.143,3.156
2007-12-03,3.201,3.595,3.595,3.142,3.154
2007-12-10,3.176,3.57,3.57,3.132,3.141
2007-12-17,3.17,3.581,3.581,3.119,3.129
2007-12-24,3.165,3.584,3.584,3.117,3.127
2007-12-31,3.2,3.6,3.6,3.131,3.145
2008-01-07,3.243,3.644,3.644,3.17,3.185
2008-01-14,3.222,3.621,3.621,3.162,3.174
2008-01-21,3.187,3.594,3.594,3.13,3.141
2008-01-28,3.157,3.583,3.583,3.105,3.115
2008-02-04,3.129,3.566,3.566,3.081,3.09
2008-02-11,3.095,3.542,3.542,3.054,3.062
2008-02-18,3.177,3.588,3.588,3.071,3.092
2008-02-25,3.256,3.71,3.71,3.165,3.183
2008-03-03,3.267,3.813,3.813,3.178,3.196
2008-03-10,3.297,3.938,3.938,3.201,3.22
2008-03-17,3.345,4.119,4.119,3.237,3.258
2008-03-24,3.326,4.142,4.142,3.23,3.249
2008-03-31,3.344,4.13,4.13,3.24,3.261
2008-04-07,3.351,4.121,4.121,3.263,3.28
2008-04-14,3.42,4.239,4.239,3.318,3.338
2008-04-21,3.548,4.346,4.346,3.535,3.538
2008-04-28,3.65,4.346,4.346,3.648,3.649
2008-05-05,3.666,4.337,4.337,3.678,3.675
2008-05-12,3.778,4.463,4.463,3.801,3.797
2008-05-19,3.841,4.61,4.61,3.898,3.887
2008-05-26,3.984,4.843,4.843,4.033,4.023
2008-06-02,4.024,4.846,4.846,4.089,4.076
2008-06-09,4.123,4.834,4.834,4.14,4.137
2008-06-16,4.164,4.853,4.853,4.183,4.179
2008-06-23,4.141,4.833,4.833,4.178,4.171
2008-06-30,4.146,4.822,4.822,4.175,4.169
2008-07-07,4.155,4.863,4.863,4.202,4.193
2008-07-14,4.154,4.889,4.889,4.194,4.186
2008-07-21,4.115,4.869,4.869,4.173,4.161
2008-07-28,4.018,4.806,4.806,4.062,4.053
2008-08-04,3.961,4.735,4.735,3.99,3.984
2008-08-11,3.893,4.584,4.584,3.893,3.893
2008-08-18,3.821,4.422,4.422,3.775,3.784
2008-08-25,3.783,4.382,4.382,3.696,3.713
2008-09-01,3.752,4.359,4.359,3.681,3.695
2008-09-08,3.717,4.312,4.312,3.652,3.665
2008-09-15,3.761,4.246,4.246,3.703,3.715
2008-09-22,3.685,4.11,4.11,3.654,3.66
2008-09-29,3.637,4.077,4.077,3.577,3.589
2008-10-06,3.499,4.036,4.036,3.433,3.446
2008-10-13,3.229,3.892,3.892,3.144,3.161
2008-10-20,3.005,3.729,3.729,2.907,2.927
2008-10-27,2.83,3.573,3.573,2.673,2.704
2008-11-03,2.663,3.42,3.42,2.472,2.51
2008-11-10,2.52,3.266,3.266,2.313,2.354
2008-11-17,2.318,3.148,3.148,2.15,2.183
2008-11-24,2.124,2.997,2.997,1.988,2.015
2008-12-01,2.035,2.954,2.954,1.911,1.936
2008-12-08,1.901,2.849,2.849,1.812,1.83
2008-12-15,1.839,2.74,2.74,1.748,1.766
2008-12-22,1.8,2.689,2.689,1.735,1.748
2008-12-29,1.746,2.638,2.638,1.7,1.709
2009-01-05,1.758,2.596,2.596,1.718,1.726
2009-01-12,1.846,2.621,2.621,1.791,1.802
2009-01-19,1.91,2.613,2.613,1.84,1.854
2009-01-26,1.927,2.595,2.595,1.856,1.87
2009-02-02,1.978,2.583,2.583,1.913,1.926
2009-02-09,2.024,2.576,2.576,1.95,1.965
2009-02-16,2.048,2.559,2.559,1.979,1.993
2009-02-23,2.025,2.514,2.514,1.953,1.967
2009-03-02,2.017,2.472,2.472,1.965,1.976
2009-03-09,2.015,2.434,2.434,1.956,1.968
2009-03-16,2.001,2.403,2.403,1.957,1.966
2009-03-23,2.02,2.403,2.403,1.983,1.99
2009-03-30,2.091,2.424,2.424,2.054,2.062
2009-04-06,2.086,2.429,2.429,2.054,2.06
2009-04-13,2.09,2.42,2.42,2.058,2.064
2009-04-20,2.13,2.403,2.403,2.098,2.104
2009-04-27,2.124,2.395,2.395,2.103,2.107
2009-05-04,2.146,2.382,2.382,2.135,2.137
2009-05-11,2.305,2.395,2.395,2.296,2.298
2009-05-18,2.377,2.401,2.401,2.353,2.358
2009-05-25,2.461,2.409,2.409,2.464,2.464
2009-06-01,2.555,2.438,2.438,2.553,2.554
2009-06-08,2.619,2.566,2.566,2.62,2.62
2009-06-15,2.698,2.651,2.651,2.697,2.697
2009-06-22,2.729,2.67,2.67,2.738,2.736
2009-06-29,2.714,2.666,2.666,2.72,2.719
2009-07-06,2.699,2.656,2.656,2.704,2.703
2009-07-13,2.651,2.623,2.623,2.62,2.626
2009-07-20,2.609,2.6,2.6,2.56,2.57
2009-07-27,2.596,2.613,2.613,2.577,2.581
2009-08-03,2.63,2.637,2.637,2.628,2.628
2009-08-10,2.707,2.701,2.701,2.708,2.708
2009-08-17,2.721,2.739,2.739,2.72,2.72
2009-08-24,2.718,2.741,2.741,2.714,2.714
2009-08-31,2.713,2.742,2.742,2.729,2.726
2009-09-07,2.71,2.729,2.729,2.72,2.718
2009-09-14,2.685,2.72,2.72,2.704,2.7
2009-09-21,2.671,2.708,2.708,2.657,2.66
2009-09-28,2.626,2.703,2.703,2.6,2.605
2009-10-05,2.587,2.686,2.686,2.565,2.569
2009-10-12,2.565,2.69,2.69,2.529,2.536
2009-10-19,2.644,2.752,2.752,2.582,2.595
2009-10-26,2.757,2.843,2.843,2.704,2.715
2009-11-02,2.782,2.878,2.878,2.742,2.75
2009-11-09,2.773,2.866,2.866,2.735,2.742
2009-11-16,2.764,2.868,2.868,2.721,2.73
2009-11-23,2.766,2.868,2.868,2.714,2.725
2009-11-30,2.758,2.869,2.869,2.71,2.719
2009-12-07,2.762,2.874,2.874,2.719,2.728
2009-12-14,2.738,2.87,2.87,2.694,2.703
2009-12-21,2.705,2.853,2.853,2.676,2.682
2009-12-28,2.718,2.862,2.862,2.684,2.691
2010-01-04,2.775,2.935,2.935,2.727,2.737
2010-01-11,2.85,3.068,3.068,2.81,2.818
2010-01-18,2.855,3.065,3.065,2.821,2.828
2010-01-25,2.836,3.055,3.055,2.798,2.806
2010-02-01,2.8,3.017,3.017,2.785,2.788
2010-02-08,2.782,3.014,3.014,2.768,2.771
2010-02-15,2.749,2.991,2.991,2.746,2.747
2010-02-22,2.752,3.011,3.011,2.753,2.753
2010-03-01,2.786,3.018,3.018,2.761,2.766
2010-03-08,2.823,3.015,3.015,2.8,2.805
2010-03-15,2.878,3.018,3.018,2.823,2.834
2010-03-22,2.871,3.032,3.032,2.821,2.831
2010-03-29,2.864,3.029,3.029,2.817,2.826
2010-04-05,2.885,3.054,3.054,2.84,2.849
2010-04-12,2.922,3.086,3.086,2.876,2.885
2010-04-19,2.92,3.103,3.103,2.889,2.895
2010-04-26,2.922,3.105,3.105,2.938,2.935
2010-05-03,2.955,3.138,3.138,2.988,2.981
2010-05-10,2.964,3.161,3.161,2.988,2.983
2010-05-17,2.93,3.142,3.142,2.969,2.961
2010-05-24,2.874,3.098,3.098,2.914,2.906
2010-05-31,2.831,3.064,3.064,2.864,2.857
2010-06-07,2.812,3.045,3.045,2.834,2.83
2010-06-14,2.793,3.025,3.025,2.809,2.805
2010-06-21,2.809,3.029,3.029,2.81,2.81
2010-06-28,2.805,3.044,3.044,2.817,2.815
2010-07-05,2.798,3.033,3.033,2.808,2.806
2010-07-12,2.781,3.017,3.017,2.8,2.796
2010-07-19,2.774,3.015,3.015,2.786,2.784
2010-07-26,2.778,3.014,3.014,2.796,2.792
2010-08-02,2.772,3.009,3.009,2.798,2.792
2010-08-09,2.806,3.027,3.027,2.811,2.81
2010-08-16,2.784,3.024,3.024,2.799,2.796
2010-08-23,2.765,3.009,3.009,2.772,2.77
2010-08-30,2.737,2.996,2.996,2.734,2.735
2010-09-06,2.725,2.995,2.995,2.715,2.717
2010-09-13,2.722,2.987,2.987,2.714,2.716
2010-09-20,2.73,2.997,2.997,2.715,2.718
2010-09-27,2.723,3.004,3.004,2.716,2.717
2010-10-04,2.793,3.04,3.04,2.772,2.776
2010-10-11,2.883,3.118,3.118,2.876,2.878
2010-10-18,2.925,3.14,3.14,2.918,2.919
2010-10-25,2.934,3.136,3.136,2.939,2.938
2010-11-01,2.923,3.147,3.147,2.941,2.938
2010-11-08,2.95,3.17,3.17,2.963,2.961
2010-11-15,3.022,3.23,3.23,3.032,3.03
2010-11-22,3.056,3.235,3.235,3.074,3.07
2010-11-29,3.058,3.237,3.237,3.066,3.065
2010-12-06,3.152,3.315,3.315,3.127,3.132
2010-12-13,3.159,3.373,3.373,3.134,3.139
2010-12-20,3.159,3.375,3.375,3.148,3.15
2010-12-27,3.189,3.406,3.406,3.174,3.177
2011-01-03,3.203,3.427,3.427,3.191,3.193
2011-01-10,3.218,3.45,3.45,3.214,3.215
2011-01-17,3.25,3.56,3.56,3.227,3.232
2011-01-24,3.258,3.609,3.609,3.24,3.243
2011-01-31,3.24,3.633,3.633,3.241,3.24
2011-02-07,3.263,3.717,3.717,3.253,3.255
2011-02-14,3.27,3.749,3.749,3.261,3.263
2011-02-21,3.297,3.769,3.769,3.277,3.281
2011-02-28,3.448,3.903,3.903,3.434,3.437
2011-03-07,3.601,4.046,4.046,3.6,3.6
2011-03-14,3.644,4.081,4.081,3.631,3.634
2011-03-21,3.623,4.087,4.087,3.624,3.624
2011-03-28,3.636,4.095,4.095,3.638,3.638
2011-04-04,3.722,4.109,4.109,3.72,3.72
2011-04-11,3.83,4.154,4.154,3.821,3.823
2011-04-18,3.872,4.212,4.212,3.93,3.919
2011-04-25,3.92,4.222,4.222,4.005,3.988
2011-05-02,3.996,4.231,4.231,4.099,4.078
2011-05-09,3.998,4.218,4.218,4.119,4.095
2011-05-16,4.002,4.207,4.207,4.126,4.101
2011-05-23,3.944,4.161,4.161,4.056,4.034
2011-05-30,3.901,4.121,4.121,3.991,3.973
2011-06-06,3.858,4.105,4.105,3.94,3.924
2011-06-13,3.818,4.087,4.087,3.886,3.873
2011-06-20,3.788,4.077,4.077,3.867,3.851
2011-06-27,3.728,4.038,4.038,3.836,3.815
2011-07-04,3.705,4.009,4.009,3.804,3.784
2011-07-11,3.764,4.012,4.012,3.843,3.827
2011-07-18,3.807,4.034,4.034,3.9,3.882
2011-07-25,3.818,4.037,4.037,3.918,3.898
2011-08-01,3.828,4.045,4.045,3.921,3.903
2011-08-08,3.788,4.031,4.031,3.902,3.88
2011-08-15,3.714,4.001,4.001,3.847,3.82
2011-08-22,3.7,3.994,3.994,3.819,3.796
2011-08-29,3.712,3.977,3.977,3.802,3.784
2011-09-05,3.756,3.994,3.994,3.822,3.809
2011-09-12,3.75,3.985,3.985,3.824,3.809
2011-09-19,3.715,3.983,3.983,3.769,3.758
2011-09-26,3.64,3.963,3.963,3.695,3.684
2011-10-03,3.589,3.941,3.941,3.643,3.633
2011-10-10,3.567,3.912,3.912,3.587,3.583
2011-10-17,3.607,3.907,3.907,3.621,3.618
2011-10-24,3.592,3.925,3.925,3.607,3.604
2011-10-31,3.577,3.935,3.935,3.589,3.586
2011-11-07,3.555,3.95,3.95,3.574,3.57
2011-11-14,3.559,4.03,4.03,3.574,3.571
2011-11-21,3.515,4.056,4.056,3.541,3.536
2011-11-28,3.464,4.045,4.045,3.51,3.501
2011-12-05,3.434,4.036,4.036,3.479,3.47
2011-12-12,3.419,4.032,4.032,3.451,3.445
2011-12-19,3.394,3.995,3.995,3.418,3.413
2011-12-26,3.374,3.973,3.973,3.409,3.402
2012-01-02,3.425,3.973,3.973,3.442,3.439
2012-01-09,3.503,4.029,4.029,3.528,3.523
2012-01-16,3.539,4.076,4.076,3.543,3.542
2012-01-23,3.571,4.077,4.077,3.567,3.568
2012-01-30,3.619,4.088,4.088,3.637,3.633
2012-02-06,3.652,4.101,4.101,3.656,3.655
2012-02-13,3.707,4.15,4.15,3.702,3.703
2012-02-20,3.748,4.161,4.161,3.751,3.751
2012-02-27,3.822,4.221,4.221,3.829,3.827
2012-03-05,3.876,4.253,4.253,3.876,3.876
2012-03-12,3.854,4.25,4.25,3.871,3.867
2012-03-19,3.886,4.259,4.259,3.89,3.889
2012-03-26,3.918,4.263,4.263,3.922,3.921
2012-04-02,3.944,4.262,4.262,3.96,3.957
2012-04-09,4.022,4.278,4.278,4.026,4.025
2012-04-16,4.032,4.269,4.269,4.05,4.046
2012-04-23,4.003,4.269,4.269,4.029,4.023
2012-04-30,3.967,4.255,4.255,3.997,3.991
2012-05-07,3.925,4.232,4.232,3.952,3.947
2012-05-14,3.878,4.192,4.192,3.904,3.899
2012-05-21,3.834,4.13,4.13,3.854,3.85
2012-05-28,3.775,4.072,4.072,3.804,3.798
2012-06-04,3.717,4.036,4.036,3.753,3.746
2012-06-11,3.669,3.974,3.974,3.686,3.683
2012-06-18,3.62,3.923,3.923,3.631,3.629
2012-06-25,3.566,3.873,3.873,3.58,3.577
2012-07-02,3.507,3.843,3.843,3.545,3.538
2012-07-09,3.517,3.84,3.84,3.572,3.561
2012-07-16,3.543,3.848,3.848,3.626,3.61
2012-07-23,3.642,3.916,3.916,3.715,3.701
2012-07-30,3.622,3.931,3.931,3.717,3.698
2012-08-06,3.698,3.946,3.946,3.79,3.772
2012-08-13,3.788,4.011,4.011,3.853,3.84
2012-08-20,3.827,4.087,4.087,3.886,3.874
2012-08-27,3.853,4.132,4.132,3.892,3.884
2012-09-03,3.908,4.194,4.194,3.924,3.921
2012-09-10,3.978,4.208,4.208,3.99,3.988
2012-09-17,4.041,4.215,4.215,4.06,4.056
2012-09-24,3.976,4.191,4.191,4.028,4.018
2012-10-01,3.978,4.195,4.195,4.039,4.027
2012-10-08,3.995,4.217,4.217,4.038,4.029
2012-10-15,3.951,4.238,4.238,4.012,4
2012-10-22,3.884,4.243,4.243,3.925,3.917
2012-10-29,3.76,4.205,4.205,3.831,3.817
2012-11-05,3.73,4.211,4.211,3.807,3.792
2012-11-12,3.705,4.198,4.198,3.766,3.754
2012-11-19,3.699,4.197,4.197,3.734,3.727
2012-11-26,3.683,4.203,4.203,3.721,3.713
2012-12-03,3.668,4.221,4.221,3.682,3.679
2012-12-10,3.64,4.175,4.175,3.639,3.639
2012-12-17,3.59,4.155,4.155,3.57,3.574
2012-12-24,3.588,4.153,4.153,3.553,3.56
2012-12-31,3.611,4.154,4.154,3.568,3.577
2013-01-07,3.634,4.153,4.153,3.586,3.595
2013-01-14,3.624,4.168,4.168,3.585,3.593
2013-01-21,3.616,4.158,4.158,3.57,3.579
2013-01-28,3.636,4.181,4.181,3.6,3.608
2013-02-04,3.784,4.237,4.237,3.748,3.755
2013-02-11,3.827,4.266,4.266,3.802,3.807
2013-02-18,3.892,4.334,4.334,3.859,3.866
2013-02-25,3.897,4.344,4.344,3.882,3.885
2013-03-04,3.886,4.298,4.298,3.863,3.868
2013-03-11,3.859,4.243,4.243,3.839,3.843
2013-03-18,3.836,4.204,4.204,3.815,3.819
2013-03-25,3.809,4.171,4.171,3.792,3.796
2013-04-01,3.78,4.148,4.148,3.77,3.772
2013-04-08,3.718,4.134,4.134,3.724,3.723
2013-04-15,3.66,4.105,4.105,3.682,3.678
2013-04-22,3.617,4.027,4.027,3.629,3.626
2013-04-29,3.589,3.993,3.993,3.604,3.601
2013-05-06,3.593,3.986,3.986,3.605,3.603
2013-05-13,3.609,3.995,3.995,3.635,3.63
2013-05-20,3.621,3.991,3.991,3.662,3.654
2013-05-27,3.643,3.991,3.991,3.675,3.668
2013-06-03,3.625,3.984,3.984,3.669,3.66
2013-06-10,3.625,3.978,3.978,3.677,3.667
2013-06-17,3.631,3.98,3.98,3.683,3.673
2013-06-24,3.626,3.984,3.984,3.685,3.673
2013-07-01,3.599,3.971,3.971,3.654,3.643
2013-07-08,3.595,3.965,3.965,3.658,3.645
2013-07-15,3.759,4.005,4.005,3.814,3.803
2013-07-22,3.827,4.047,4.047,3.892,3.879
2013-07-29,3.816,4.061,4.061,3.89,3.875
2013-08-05,3.806,4.056,4.056,3.872,3.859
2013-08-12,3.778,4.045,4.045,3.844,3.831
2013-08-19,3.758,4.036,4.036,3.821,3.809
2013-08-26,3.755,4.044,4.044,3.813,3.801
2013-09-02,3.804,4.087,4.087,3.832,3.826
2013-09-09,3.801,4.091,4.091,3.828,3.823
2013-09-16,3.769,4.088,4.088,3.795,3.79
2013-09-23,3.714,4.071,4.071,3.753,3.745
2013-09-30,3.67,4.046,4.046,3.698,3.693
2013-10-07,3.636,4.04,4.04,3.656,3.652
2013-10-14,3.596,4.032,4.032,3.608,3.606
2013-10-21,3.573,4.032,4.032,3.576,3.575
2013-10-28,3.547,4.02,4.02,3.543,3.544
2013-11-04,3.521,4.008,4.008,3.515,3.516
2013-11-11,3.482,3.991,3.991,3.478,3.479
2013-11-18,3.49,3.981,3.981,3.474,3.478
2013-11-25,3.548,4.003,4.003,3.528,3.532
2013-12-02,3.559,4.04,4.04,3.552,3.553
2013-12-09,3.578,4.066,4.066,3.57,3.571
2013-12-16,3.578,4.064,4.064,3.586,3.585
2013-12-23,3.588,4.069,4.069,3.601,3.598
2013-12-30,3.629,4.111,4.111,3.622,3.624
2014-01-06,3.626,4.115,4.115,3.634,3.633
2014-01-13,3.613,4.107,4.107,3.609,3.61
2014-01-20,3.59,4.118,4.118,3.571,3.575
2014-01-27,3.582,4.171,4.171,3.543,3.551
2014-02-03,3.577,4.305,4.305,3.523,3.534
2014-02-10,3.578,4.369,4.369,3.529,3.538
2014-02-17,3.616,4.373,4.373,3.561,3.572
2014-02-24,3.654,4.386,4.386,3.616,3.624
2014-03-03,3.673,4.389,4.389,3.637,3.644
2014-03-10,3.699,4.362,4.362,3.658,3.666
2014-03-17,3.703,4.313,4.313,3.671,3.678
2014-03-24,3.705,4.279,4.279,3.665,3.673
2014-03-31,3.717,4.255,4.255,3.667,3.677
2014-04-07,3.715,4.24,4.24,3.667,3.676
2014-04-14,3.743,4.22,4.22,3.7,3.708
2014-04-21,3.773,4.212,4.212,3.749,3.754
2014-04-28,3.823,4.208,4.208,3.821,3.822
2014-05-05,3.804,4.181,4.181,3.823,3.819
2014-05-12,3.786,4.157,4.157,3.814,3.809
2014-05-19,3.765,4.139,4.139,3.806,3.798
2014-05-26,3.77,4.13,4.13,3.803,3.796
2014-06-02,3.765,4.124,4.124,3.8,3.793
2014-06-09,3.762,4.092,4.092,3.799,3.792
2014-06-16,3.781,4.088,4.088,3.818,3.811
2014-06-23,3.799,4.102,4.102,3.839,3.831
2014-06-30,3.806,4.107,4.107,3.849,3.84
2014-07-07,3.801,4.098,4.098,3.857,3.846
2014-07-14,3.787,4.078,4.078,3.838,3.828
2014-07-21,3.754,4.052,4.052,3.804,3.794
2014-07-28,3.727,4.044,4.044,3.781,3.77
2014-08-04,3.697,4.019,4.019,3.734,3.727
2014-08-11,3.661,3.982,3.982,3.694,3.687
2014-08-18,3.636,3.971,3.971,3.667,3.661
2014-08-25,3.61,3.955,3.955,3.632,3.628
2014-09-01,3.613,3.944,3.944,3.63,3.627
2014-09-08,3.623,3.933,3.933,3.627,3.626
2014-09-15,3.602,3.911,3.911,3.61,3.608
2014-09-22,3.563,3.886,3.886,3.569,3.568
2014-09-29,3.55,3.88,3.88,3.546,3.547
2014-10-06,3.491,3.848,3.848,3.5,3.498
2014-10-13,3.429,3.815,3.815,3.447,3.443
2014-10-20,3.35,3.751,3.751,3.346,3.347
2014-10-27,3.296,3.724,3.724,3.283,3.286
2014-11-03,3.225,3.687,3.687,3.211,3.214
2014-11-10,3.189,3.659,3.659,3.144,3.153
2014-11-17,3.129,3.633,3.633,3.101,3.107
2014-11-24,3.09,3.605,3.605,3.051,3.058
2014-12-01,3.079,3.587,3.587,3.028,3.038
2014-12-08,2.994,3.525,3.525,2.939,2.95
2014-12-15,2.892,3.467,3.467,2.834,2.845
2014-12-22,2.782,3.425,3.425,2.72,2.732
2014-12-29,2.711,3.365,3.365,2.634,2.649
2015-01-05,2.605,3.287,3.287,2.536,2.55
2015-01-12,2.518,3.195,3.195,2.428,2.446
2015-01-19,2.406,3.072,3.072,2.299,2.32
2015-01-26,2.349,3.018,3.018,2.242,2.264
2015-02-02,2.323,3.028,3.028,2.222,2.242
2015-02-09,2.378,3.039,3.039,2.268,2.29
2015-02-16,2.408,3.084,3.084,2.323,2.34
2015-02-23,2.455,3.173,3.173,2.368,2.385
2015-03-02,2.544,3.291,3.291,2.464,2.48
2015-03-09,2.611,3.332,3.332,2.528,2.545
2015-03-16,2.593,3.27,3.27,2.506,2.524
2015-03-23,2.545,3.2,3.2,2.456,2.474
2015-03-30,2.541,3.164,3.164,2.427,2.45
2015-04-06,2.532,3.114,3.114,2.421,2.443
2015-04-13,2.533,3.076,3.076,2.411,2.435
2015-04-20,2.589,3.049,3.049,2.561,2.566
2015-04-27,2.645,3.057,3.057,2.644,2.644
2015-05-04,2.71,3.066,3.066,2.719,2.717
2015-05-11,2.736,3.091,3.091,2.742,2.741
2015-05-18,2.742,3.093,3.093,2.76,2.756
2015-05-25,2.789,3.101,3.101,2.801,2.798
2015-06-01,2.795,3.092,3.092,2.801,2.8
2015-06-08,2.813,3.076,3.076,2.821,2.82
2015-06-15,2.852,3.073,3.073,2.867,2.864
2015-06-22,2.863,3.085,3.085,2.888,2.883
2015-06-29,2.851,3.071,3.071,2.883,2.876
2015-07-06,2.837,3.06,3.06,2.868,2.862
2015-07-13,2.828,3.029,3.029,2.863,2.856
2015-07-20,2.789,2.996,2.996,2.834,2.825
2015-07-27,2.747,2.932,2.932,2.811,2.798
2015-08-03,2.715,2.895,2.895,2.754,2.747
2015-08-10,2.655,2.847,2.847,2.713,2.701
2015-08-17,2.632,2.803,2.803,2.668,2.661
2015-08-24,2.573,2.739,2.739,2.603,2.597
2015-08-31,2.491,2.673,2.673,2.516,2.511
2015-09-07,2.489,2.663,2.663,2.486,2.487
2015-09-14,2.463,2.653,2.653,2.444,2.448
2015-09-21,2.412,2.613,2.613,2.401,2.403
2015-09-28,2.387,2.59,2.59,2.365,2.37
2015-10-05,2.374,2.576,2.576,2.336,2.343
2015-10-12,2.379,2.578,2.578,2.316,2.329
2015-10-19,2.356,2.562,2.562,2.281,2.296
2015-10-26,2.343,2.553,2.553,2.264,2.279
2015-11-02,2.33,2.546,2.546,2.254,2.27
2015-11-09,2.377,2.549,2.549,2.27,2.291
2015-11-16,2.359,2.544,2.544,2.263,2.282
2015-11-23,2.338,2.524,2.524,2.243,2.262
2015-11-30,2.326,2.527,2.527,2.248,2.264
2015-12-07,2.319,2.515,2.515,2.235,2.251
2015-12-14,2.28,2.453,2.453,2.194,2.211
2015-12-21,2.253,2.397,2.397,2.182,2.196
2015-12-28,2.226,2.365,2.365,2.159,2.172
2016-01-04,2.219,2.344,2.344,2.139,2.155
2016-01-11,2.199,2.335,2.335,2.105,2.123
2016-01-18,2.135,2.277,2.277,2.054,2.07
2016-01-25,2.087,2.24,2.24,2.029,2.04
2016-02-01,2.054,2.219,2.219,2,2.011
2016-02-08,2.021,2.201,2.201,1.954,1.967
2016-02-15,1.98,2.183,2.183,1.914,1.927
2016-02-22,1.963,2.16,2.16,1.891,1.906
2016-02-29,1.958,2.154,2.154,1.884,1.899
2016-03-07,1.969,2.147,2.147,1.886,1.903
2016-03-14,2.042,2.204,2.204,1.988,1.999
2016-03-21,2.081,2.228,2.228,2.022,2.034
2016-03-28,2.167,2.241,2.241,2.126,2.134
2016-04-04,2.198,2.243,2.243,2.147,2.158
2016-04-11,2.209,2.237,2.237,2.162,2.171
2016-04-18,2.3,2.287,2.287,2.241,2.253
2016-04-25,2.318,2.291,2.291,2.276,2.284
2016-05-02,2.375,2.334,2.334,2.337,2.345
2016-05-09,2.389,2.339,2.339,2.36,2.366
2016-05-16,2.384,2.348,2.348,2.353,2.359
2016-05-23,2.427,2.411,2.411,2.402,2.407
2016-05-30,2.452,2.442,2.442,2.441,2.443
2016-06-06,2.448,2.471,2.471,2.448,2.448
2016-06-13,2.454,2.492,2.492,2.456,2.455
2016-06-20,2.422,2.494,2.494,2.44,2.436
2016-06-27,2.413,2.491,2.491,2.44,2.435
2016-07-04,2.402,2.482,2.482,2.425,2.42
2016-07-11,2.361,2.469,2.469,2.385,2.38
2016-07-18,2.335,2.446,2.446,2.356,2.352
2016-07-25,2.31,2.434,2.434,2.322,2.319
2016-08-01,2.286,2.396,2.396,2.278,2.279
2016-08-08,2.261,2.378,2.378,2.231,2.237
2016-08-15,2.246,2.368,2.368,2.212,2.219
2016-08-22,2.294,2.391,2.391,2.264,2.27
2016-08-29,2.336,2.423,2.423,2.298,2.305
2016-09-05,2.346,2.42,2.42,2.299,2.309
2016-09-12,2.328,2.41,2.41,2.277,2.287
2016-09-19,2.326,2.405,2.405,2.289,2.296
2016-09-26,2.317,2.398,2.398,2.293,2.298
2016-10-03,2.343,2.414,2.414,2.32,2.324
2016-10-10,2.372,2.453,2.453,2.343,2.349
2016-10-17,2.377,2.477,2.477,2.342,2.349
2016-10-24,2.374,2.485,2.485,2.347,2.353
2016-10-31,2.384,2.502,2.502,2.345,2.353
2016-11-07,2.4,2.502,2.502,2.352,2.361
2016-11-14,2.379,2.482,2.482,2.325,2.336
2016-11-21,2.35,2.471,2.471,2.3,2.31
2016-11-28,2.344,2.472,2.472,2.291,2.302
2016-12-05,2.396,2.526,2.526,2.329,2.343
2016-12-12,2.402,2.547,2.547,2.352,2.362
2016-12-19,2.432,2.587,2.587,2.374,2.386
2016-12-26,2.463,2.611,2.611,2.401,2.413
2017-01-02,2.518,2.665,2.665,2.461,2.472
2017-01-09,2.515,2.677,2.677,2.472,2.48
2017-01-16,2.502,2.675,2.675,2.452,2.462
2017-01-23,2.496,2.676,2.676,2.429,2.443
2017-01-30,2.469,2.662,2.662,2.408,2.42
2017-02-06,2.441,2.661,2.661,2.391,2.401
2017-02-13,2.418,2.668,2.668,2.398,2.402
2017-02-20,2.42,2.658,2.658,2.389,2.395
2017-02-27,2.409,2.658,2.658,2.376,2.382
2017-03-06,2.401,2.646,2.646,2.36,2.368
2017-03-13,2.389,2.628,2.628,2.363,2.368
2017-03-20,2.382,2.622,2.622,2.367,2.37
2017-03-27,2.374,2.593,2.593,2.369,2.37
2017-04-03,2.405,2.63,2.63,2.392,2.394
2017-04-10,2.457,2.639,2.639,2.423,2.429
2017-04-17,2.507,2.638,2.638,2.465,2.474
2017-04-24,2.526,2.65,2.65,2.497,2.503
2017-05-01,2.515,2.653,2.653,2.498,2.501
2017-05-08,2.482,2.642,2.642,2.484,2.484
2017-05-15,2.448,2.626,2.626,2.476,2.47
2017-05-22,2.451,2.626,2.626,2.503,2.493
2017-05-29,2.463,2.622,2.622,2.52,2.509
2017-06-05,2.465,2.624,2.624,2.508,2.5
2017-06-12,2.452,2.614,2.614,2.458,2.457
2017-06-19,2.419,2.59,2.59,2.431,2.428
2017-06-26,2.387,2.577,2.577,2.423,2.416
2017-07-03,2.385,2.578,2.578,2.417,2.411
2017-07-10,2.384,2.578,2.578,2.401,2.397
2017-07-17,2.384,2.573,2.573,2.386,2.386
2017-07-24,2.43,2.574,2.574,2.425,2.426
2017-07-31,2.45,2.59,2.59,2.462,2.46
2017-08-07,2.487,2.618,2.618,2.483,2.484
2017-08-14,2.485,2.625,2.625,2.48,2.481
2017-08-21,2.472,2.616,2.616,2.469,2.469
2017-08-28,2.479,2.618,2.618,2.494,2.491
2017-09-04,2.8,2.723,2.723,2.85,2.84
2017-09-11,2.837,2.761,2.761,2.866,2.861
2017-09-18,2.815,2.765,2.765,2.844,2.838
2017-09-25,2.759,2.762,2.762,2.816,2.804
2017-10-02,2.719,2.767,2.767,2.781,2.769
2017-10-09,2.661,2.751,2.751,2.732,2.718
2017-10-16,2.625,2.747,2.747,2.705,2.689
2017-10-23,2.611,2.752,2.752,2.687,2.671
2017-10-30,2.614,2.77,2.77,2.673,2.662
2017-11-06,2.65,2.812,2.812,2.68,2.674
2017-11-13,2.694,2.85,2.85,2.712,2.708
2017-11-20,2.68,2.862,2.862,2.709,2.703
2017-11-27,2.674,2.881,2.881,2.701,2.696
2017-12-04,2.653,2.897,2.897,2.693,2.685
2017-12-11,2.62,2.9,2.9,2.67,2.66
2017-12-18,2.611,2.924,2.924,2.65,2.642
2017-12-25,2.609,2.943,2.943,2.634,2.629
2018-01-01,2.629,3.01,3.01,2.65,2.646
2018-01-08,2.662,3.077,3.077,2.669,2.668
2018-01-15,2.677,3.114,3.114,2.664,2.666
2018-01-22,2.705,3.136,3.136,2.681,2.686
2018-01-29,2.739,3.16,3.16,2.712,2.718
2018-02-05,2.763,3.188,3.188,2.742,2.746
2018-02-12,2.763,3.154,3.154,2.746,2.749
2018-02-19,2.736,3.129,3.129,2.71,2.715
2018-02-26,2.712,3.127,3.127,2.692,2.696
2018-03-05,2.698,3.126,3.126,2.677,2.681
2018-03-12,2.685,3.107,3.107,2.673,2.676
2018-03-19,2.69,3.101,3.101,2.673,2.676
2018-03-26,2.728,3.115,3.115,2.697,2.703
2018-04-02,2.772,3.117,3.117,2.745,2.75
2018-04-09,2.786,3.116,3.116,2.746,2.754
2018-04-16,2.818,3.149,3.149,2.794,2.799
2018-04-23,2.878,3.171,3.171,2.862,2.865
2018-04-30,2.926,3.203,3.203,2.913,2.916
2018-05-07,2.932,3.215,3.215,2.944,2.942
2018-05-14,2.925,3.251,3.251,2.938,2.936
2018-05-21,2.993,3.282,3.282,3.006,3.004
2018-05-28,3.028,3.307,3.307,3.044,3.042
2018-06-04,3.032,3.302,3.302,3.036,3.036
2018-06-11,2.995,3.292,3.292,2.989,2.99
2018-06-18,2.971,3.29,3.29,2.964,2.965
2018-06-25,2.925,3.281,3.281,2.944,2.942
2018-07-02,2.937,3.282,3.282,2.949,2.948
2018-07-09,2.951,3.279,3.279,2.954,2.954
2018-07-16,2.954,3.283,3.283,2.954,2.954
2018-07-23,2.922,3.269,3.269,2.944,2.942
2018-07-30,2.946,3.274,3.274,2.949,2.949
2018-08-06,2.959,3.271,3.271,2.955,2.955
2018-08-13,2.956,3.265,3.265,2.949,2.95
2018-08-20,2.914,3.261,3.261,2.934,2.931
2018-08-27,2.906,3.267,3.267,2.923,2.921
2018-09-03,2.915,3.27,3.27,2.927,2.926
2018-09-10,2.937,3.255,3.255,2.932,2.932
2018-09-17,2.903,3.267,3.267,2.941,2.937
2018-09-24,2.893,3.27,3.27,2.927,2.923
2018-10-01,2.895,3.305,3.305,2.928,2.924
2018-10-08,2.935,3.344,3.344,2.939,2.938
2018-10-15,2.914,3.361,3.361,2.923,2.922
2018-10-22,2.888,3.368,3.368,2.907,2.905
2018-10-29,2.859,3.365,3.365,2.887,2.884
2018-11-05,2.802,3.362,3.362,2.855,2.849
2018-11-12,2.705,3.356,3.356,2.807,2.795
2018-11-19,2.639,3.347,3.347,2.76,2.746
2018-11-26,2.62,3.344,3.344,2.731,2.719
2018-12-03,2.526,3.31,3.31,2.674,2.657
2018-12-10,2.484,3.295,3.295,2.641,2.623
2018-12-17,2.455,3.276,3.276,2.608,2.591
2018-12-24,2.388,3.237,3.237,2.56,2.54
2018-12-31,2.347,3.234,3.234,2.519,2.5
2019-01-07,2.319,3.216,3.216,2.472,2.455
2019-01-14,2.321,3.208,3.208,2.447,2.433
2019-01-21,2.315,3.191,3.191,2.44,2.426
2019-01-28,2.327,3.188,3.188,2.435,2.423
2019-02-04,2.308,3.176,3.176,2.399,2.389
2019-02-11,2.31,3.161,3.161,2.378,2.371
2019-02-18,2.341,3.165,3.165,2.389,2.383
2019-02-25,2.415,3.171,3.171,2.449,2.446
2019-03-04,2.455,3.177,3.177,2.461,2.461
2019-03-11,2.511,3.183,3.183,2.492,2.494
2019-03-18,2.578,3.2,3.2,2.547,2.551
2019-03-25,2.622,3.214,3.214,2.604,2.606
2019-04-01,2.646,3.196,3.196,2.633,2.634
2019-04-08,2.66,3.193,3.193,2.657,2.657
2019-04-15,2.737,3.205,3.205,2.715,2.717
2019-04-22,2.797,3.217,3.217,2.804,2.804
2019-04-29,2.872,3.236,3.236,2.89,2.888
2019-05-06,2.881,3.245,3.245,2.931,2.925
2019-05-13,2.858,3.238,3.238,2.911,2.905
2019-05-20,2.839,3.238,3.238,2.903,2.896
2019-05-27,2.815,3.225,3.225,2.885,2.877
2019-06-03,2.785,3.219,3.219,2.854,2.846
2019-06-10,2.72,3.185,3.185,2.801,2.792
2019-06-17,2.659,3.153,3.153,2.753,2.742
2019-06-24,2.675,3.136,3.136,2.739,2.732
2019-07-01,2.703,3.135,3.135,2.767,2.76
2019-07-08,2.725,3.134,3.134,2.772,2.767
2019-07-15,2.754,3.131,3.131,2.804,2.799
2019-07-22,2.738,3.122,3.122,2.791,2.785
2019-07-29,2.719,3.106,3.106,2.777,2.771
2019-08-05,2.732,3.107,3.107,2.763,2.759
2019-08-12,2.673,3.073,3.073,2.736,2.729
2019-08-19,2.661,3.048,3.048,2.713,2.707
2019-08-26,2.632,3.031,3.031,2.69,2.683
2019-09-02,2.609,3.027,3.027,2.666,2.659
2019-09-09,2.59,3.022,3.022,2.626,2.622
2019-09-16,2.564,3.013,3.013,2.625,2.618
2019-09-23,2.593,3.07,3.07,2.637,2.632
2019-09-30,2.594,3.056,3.056,2.632,2.628
2019-10-07,2.573,3.047,3.047,2.604,2.6
2019-10-14,2.549,3.042,3.042,2.601,2.595
2019-10-21,2.577,3.045,3.045,2.604,2.601
2019-10-28,2.575,3.028,3.028,2.602,2.599
2019-11-04,2.587,3.034,3.034,2.608,2.605
2019-11-11,2.575,3.042,3.042,2.616,2.612
2019-11-18,2.579,3.049,3.049,2.609,2.605
2019-11-25,2.586,3.063,3.063,2.611,2.608
2019-12-02,2.597,3.078,3.078,2.612,2.61
2019-12-09,2.571,3.085,3.085,2.603,2.6
2019-12-16,2.599,3.083,3.083,2.601,2.601
2019-12-23,2.601,3.098,3.098,2.598,2.599
2019-12-30,2.609,3.114,3.114,2.631,2.628
2020-01-06,2.627,3.127,3.127,2.648,2.645
2020-01-13,2.636,3.131,3.131,2.638,2.637
2020-01-20,2.593,3.132,3.132,2.625,2.621
2020-01-27,2.554,3.119,3.119,2.602,2.597
2020-02-03,2.543,3.105,3.105,2.563,2.561
2020-02-10,2.469,3.075,3.075,2.547,2.538
2020-02-17,2.466,3.07,3.07,2.53,2.523
2020-02-24,2.481,3.061,3.061,2.545,2.537
2020-03-02,2.516,3.023,3.023,2.518,2.518
2020-03-09,2.485,2.99,2.99,2.487,2.486
2020-03-16,2.391,2.918,2.918,2.358,2.362
2020-03-23,2.108,2.849,2.849,2.247,2.231
2020-03-30,1.97,2.793,2.793,2.124,2.106
2020-04-06,1.935,2.745,2.745,2.048,2.035
2020-04-13,1.897,2.715,2.715,1.998,1.987
2020-04-20,1.892,2.709,2.709,1.966,1.957
2020-04-27,1.843,2.677,2.677,1.939,1.929
2020-05-04,1.829,2.652,2.652,1.931,1.92
2020-05-11,1.897,2.63,2.63,1.961,1.954
2020-05-18,1.9,2.62,2.62,1.978,1.969
2020-05-25,1.988,2.624,2.624,2.03,2.025
2020-06-01,1.986,2.615,2.615,2.034,2.028
2020-06-08,2.09,2.629,2.629,2.086,2.086
2020-06-15,2.151,2.628,2.628,2.116,2.12
2020-06-22,2.121,2.631,2.631,2.139,2.137
2020-06-29,2.162,2.648,2.648,2.178,2.177
2020-07-06,2.166,2.652,2.652,2.179,2.178
2020-07-13,2.194,2.65,2.65,2.194,2.194
2020-07-20,2.225,2.626,2.626,2.198,2.201
2020-07-27,2.242,2.632,2.632,2.194,2.2
2020-08-03,2.248,2.631,2.631,2.193,2.199
2020-08-10,2.255,2.633,2.633,2.188,2.195
2020-08-17,2.259,2.627,2.627,2.189,2.197
2020-08-24,2.263,2.62,2.62,2.196,2.203
2020-08-31,2.304,2.622,2.622,2.235,2.243
2020-09-07,2.285,2.612,2.612,2.221,2.228
2020-09-14,2.274,2.605,2.605,2.204,2.212
2020-09-21,2.283,2.601,2.601,2.195,2.205
2020-09-28,2.254,2.592,2.592,2.189,2.196
2020-10-05,2.246,2.577,2.577,2.177,2.185
2020-10-12,2.279,2.578,2.578,2.184,2.194
2020-10-19,2.271,2.575,2.575,2.175,2.186
2020-10-26,2.252,2.574,2.574,2.168,2.178
2020-11-02,2.242,2.556,2.556,2.159,2.168
2020-11-09,2.258,2.554,2.554,2.157,2.168
2020-11-16,2.264,2.552,2.552,2.158,2.17
2020-11-23,2.272,2.558,2.558,2.147,2.161
2020-11-30,2.277,2.575,2.575,2.169,2.181
2020-12-07,2.283,2.587,2.587,2.192,2.202
2020-12-14,2.276,2.607,2.607,2.222,2.228
2020-12-21,2.329,2.634,2.634,2.263,2.27
2020-12-28,2.375,2.652,2.652,2.28,2.29
2021-01-04,2.366,2.665,2.665,2.31,2.316
2021-01-11,2.388,2.7,2.7,2.358,2.361
2021-01-18,2.494,2.764,2.764,2.428,2.435
2021-01-25,2.506,2.781,2.781,2.447,2.453
2021-02-01,2.512,2.796,2.796,2.469,2.473
2021-02-08,2.547,2.84,2.84,2.517,2.52
2021-02-15,2.575,2.888,2.888,2.545,2.549
2021-02-22,2.662,2.962,2.962,2.634,2.637
2021-03-01,2.753,3.014,3.014,2.711,2.715
2021-03-08,2.821,3.053,3.053,2.761,2.768
2021-03-15,2.864,3.082,3.082,2.83,2.834
2021-03-22,2.889,3.099,3.099,2.847,2.852
2021-03-29,2.853,3.091,3.091,2.836,2.838
2021-04-05,2.833,3.076,3.076,2.834,2.834
2021-04-12,2.814,3.071,3.071,2.82,2.819
2021-04-19,2.808,3.071,3.071,2.829,2.827
2021-04-26,2.842,3.08,3.08,2.858,2.856
2021-05-03,2.839,3.084,3.084,2.881,2.876
2021-05-10,2.923,3.115,3.115,2.945,2.942
2021-05-17,3.037,3.152,3.152,2.997,3.001
2021-05-24,3.066,3.15,3.15,3.001,3.008
2021-05-31,3.063,3.165,3.165,3.003,3.009
2021-06-07,3.075,3.183,3.183,3.015,3.021
2021-06-14,3.117,3.203,3.203,3.025,3.035
2021-06-21,3.115,3.213,3.213,3.046,3.054
2021-06-28,3.154,3.238,3.238,3.075,3.084
2021-07-05,3.151,3.242,3.242,3.107,3.111
2021-07-12,3.145,3.245,3.245,3.117,3.12
2021-07-19,3.148,3.251,3.251,3.122,3.125
2021-07-26,3.13,3.252,3.252,3.116,3.117
2021-08-02,3.161,3.255,3.255,3.12,3.125
2021-08-09,3.159,3.262,3.262,3.125,3.129
2021-08-16,3.178,3.271,3.271,3.125,3.131
2021-08-23,3.162,3.26,3.26,3.13,3.134
2021-08-30,3.169,3.271,3.271,3.134,3.138
2021-09-06,3.192,3.285,3.285,3.161,3.164
2021-09-13,3.199,3.288,3.288,3.171,3.174
2021-09-20,3.169,3.3,3.3,3.176,3.175
2021-09-27,3.137,3.299,3.299,3.174,3.17
2021-10-04,3.153,3.335,3.335,3.179,3.176
2021-10-11,3.263,3.459,3.459,3.272,3.271
2021-10-18,3.364,3.555,3.555,3.384,3.382
2021-10-25,3.426,3.626,3.626,3.454,3.451
2021-11-01,3.45,3.651,3.651,3.47,3.468
2021-11-08,3.491,3.656,3.656,3.497,3.497
2021-11-15,3.51,3.657,3.657,3.495,3.497
2021-11-22,3.503,3.666,3.666,3.498,3.498
2021-11-29,3.537,3.666,3.666,3.497,3.501
2021-12-06,3.533,3.654,3.654,3.478,3.484
2021-12-13,3.493,3.643,3.643,3.464,3.467
2021-12-20,3.498,3.633,3.633,3.453,3.458
2021-12-27,3.488,3.623,3.623,3.443,3.448
2022-01-03,3.49,3.622,3.622,3.439,3.444
2022-01-10,3.455,3.627,3.627,3.431,3.434
2022-01-17,3.46,3.698,3.698,3.418,3.423
2022-01-24,3.47,3.777,3.777,3.412,3.419
2022-01-31,3.514,3.833,3.833,3.441,3.449
2022-02-07,3.53,3.947,3.947,3.499,3.502
2022-02-14,3.567,4.007,4.007,3.549,3.551
2022-02-21,3.636,4.076,4.076,3.612,3.615
2022-02-28,3.658,4.158,4.158,3.673,3.672
2022-03-07,4.121,4.815,4.815,4.275,4.258
2022-03-14,4.268,5.231,5.231,4.388,4.375
2022-03-21,4.282,5.125,5.125,4.315,4.312
2022-03-28,4.297,5.309,5.309,4.273,4.275
2022-04-04,4.205,5.283,5.283,4.169,4.173
2022-04-11,4.16,5.181,5.181,4.108,4.114
2022-04-18,4.108,5.177,5.177,4.072,4.075
2022-04-25,4.122,5.24,5.24,4.146,4.144
2022-05-02,4.242,6.101,6.101,4.255,4.254
2022-05-09,4.346,6.339,6.339,4.451,4.44
2022-05-16,4.544,6.431,6.431,4.681,4.667
2022-05-23,4.752,6.371,6.371,4.779,4.776
2022-05-30,4.838,6.226,6.226,4.797,4.801
2022-06-06,5.035,6.195,6.195,5.031,5.032
2022-06-13,5.138,6.122,6.122,5.105,5.109
2022-06-20,5.129,6.123,6.123,5.054,5.062
2022-06-27,5.065,6.03,6.03,4.979,4.988
2022-07-04,4.96,5.919,5.919,4.904,4.91
2022-07-11,4.896,5.82,5.82,4.79,4.801
2022-07-18,4.791,5.693,5.693,4.688,4.699
2022-07-25,4.72,5.539,5.539,4.564,4.581
2022-08-01,4.644,5.463,5.463,4.526,4.538
2022-08-08,4.512,5.351,5.351,4.419,4.427
2022-08-15,4.218,5.175,5.175,4.286,4.281
2022-08-22,4.208,5.122,5.122,4.189,4.191
2022-08-29,4.098,5.183,5.183,4.07,4.073
2022-09-05,3.985,5.161,5.161,3.921,3.928
2022-09-12,3.862,5.087,5.087,3.795,3.802
2022-09-19,3.753,5.011,5.011,3.685,3.692
2022-09-26,3.687,4.967,4.967,3.578,3.59
2022-10-03,3.603,4.874,4.874,3.514,3.523
2022-10-10,3.61,5.149,5.149,3.655,3.65
2022-10-17,3.681,5.595,5.595,3.675,3.675
2022-10-24,3.687,5.773,5.773,3.648,3.652
2022-10-31,3.864,5.852,5.852,3.848,3.849
2022-11-07,3.95,5.965,5.965,3.93,3.932
2022-11-14,3.995,6.06,6.06,3.949,3.953
2022-11-21,3.955,5.963,5.963,3.901,3.907
2022-11-28,3.838,5.86,5.86,3.823,3.824
2022-12-05,3.764,5.634,5.634,3.723,3.726
2022-12-12,3.593,5.483,5.483,3.588,3.588
2022-12-19,3.49,5.257,5.257,3.467,3.469
2022-12-26,3.42,5.146,5.146,3.412,3.413
2023-01-02,3.435,5.118,5.118,3.416,3.417
2023-01-09,3.423,5.094,5.094,3.39,3.393
2023-01-16,3.489,5.081,5.081,3.386,3.395
2023-01-23,3.494,5.104,5.104,3.489,3.489
2023-01-30,3.562,5.129,5.129,3.54,3.542
2023-02-06,3.572,5.117,5.117,3.528,3.533
2023-02-13,3.539,5.054,5.054,3.473,3.48
2023-02-20,3.494,4.961,4.961,3.444,3.45
2023-02-27,3.522,4.825,4.825,3.379,3.394
2023-03-06,3.512,4.736,4.736,3.384,3.397
2023-03-13,3.547,4.731,4.731,3.401,3.416
2023-03-20,3.544,4.657,4.657,3.371,3.389
2023-03-27,3.487,4.611,4.611,3.349,3.364
2023-04-03,3.451,4.58,4.58,3.371,3.379
2023-04-10,3.508,4.568,4.568,3.46,3.465
2023-04-17,3.568,4.54,4.54,3.51,3.517
2023-04-24,3.612,4.522,4.522,3.614,3.614
2023-05-01,3.597,4.496,4.496,3.604,3.603
2023-05-08,3.584,4.374,4.374,3.548,3.552
2023-05-15,3.563,4.243,4.243,3.53,3.533
2023-05-22,3.569,4.166,4.166,3.543,3.545
2023-05-29,3.639,4.144,4.144,3.643,3.643
2023-06-05,3.644,4.124,4.124,3.639,3.639
2023-06-12,3.664,4.116,4.116,3.645,3.647
2023-06-19,3.66,4.116,4.116,3.649,3.65
2023-06-26,3.655,4.11,4.11,3.651,3.652
2023-07-03,3.603,4.09,4.09,3.654,3.649
2023-07-10,3.623,4.074,4.074,3.647,3.644
2023-07-17,3.649,4.081,4.081,3.639,3.64
2023-07-24,3.687,4.1,4.1,3.674,3.676
2023-07-31,3.839,4.161,4.161,3.788,3.793
2023-08-07,3.851,4.235,4.235,3.861,3.86
2023-08-14,3.879,4.37,4.37,3.861,3.863
2023-08-21,3.93,4.414,4.414,3.894,3.897
2023-08-28,3.914,4.433,4.433,3.873,3.877
2023-09-04,3.924,4.467,4.467,3.857,3.864
2023-09-11,3.883,4.478,4.478,3.854,3.857
2023-09-18,3.883,4.587,4.587,3.898,3.897
2023-09-25,3.836,4.607,4.607,3.88,3.875
2023-10-02,3.81,4.607,4.607,3.85,3.846
2023-10-09,3.757,4.577,4.577,3.793,3.789
2023-10-16,3.716,4.557,4.557,3.726,3.725
2023-10-23,3.683,4.551,4.551,3.681,3.682
2023-10-30,3.611,4.537,4.537,3.642,3.638
2023-11-06,3.531,4.523,4.523,3.591,3.584
2023-11-13,3.531,4.483,4.483,3.546,3.542
2023-11-20,3.49,4.457,4.457,3.501,3.498
2023-11-27,3.478,4.447,4.447,3.472,3.473
2023-12-04,3.445,4.432,4.432,3.431,3.435
2023-12-11,3.395,4.418,4.418,3.374,3.379
2023-12-18,3.262,4.362,4.362,3.321,3.309
2023-12-25,3.209,4.339,4.339,3.299,3.281
2024-01-01,3.218,4.334,4.334,3.277,3.265
2024-01-08,3.202,4.322,4.322,3.262,3.25
2024-01-15,3.227,4.296,4.296,3.215,3.217
2024-01-22,3.219,4.288,4.288,3.203,3.206
2024-01-29,3.22,4.289,4.289,3.224,3.223
2024-02-05,3.261,4.324,4.324,3.248,3.251
2024-02-12,3.276,4.35,4.35,3.263,3.265
2024-02-19,3.289,4.32,4.32,3.291,3.29
2024-02-26,3.294,4.314,4.314,3.285,3.287
2024-03-04,3.277,4.296,4.296,3.298,3.294
2024-03-11,3.269,4.287,4.287,3.318,3.308
2024-03-18,3.364,4.3,4.3,3.374,3.372
2024-03-25,3.432,4.321,4.321,3.442,3.44
2024-04-01,3.411,4.305,4.305,3.429,3.425
2024-04-08,3.46,4.305,4.305,3.461,3.461
2024-04-15,3.497,4.311,4.311,3.527,3.521
2024-04-22,3.68,4.326,4.326,3.715,3.708
2024-04-29,3.724,4.309,4.309,3.744,3.74
2024-05-06,3.73,4.277,4.277,3.734,3.733
2024-05-13,3.711,4.233,4.233,3.71,3.71
2024-05-20,3.636,4.174,4.174,3.685,3.676
2024-05-27,3.656,4.148,4.148,3.671,3.668
2024-06-03,3.606,4.105,4.105,3.65,3.641
2024-06-10,3.571,4.086,4.086,3.6,3.594
2024-06-17,3.473,4.085,4.085,3.575,3.555
2024-06-24,3.449,4.088,4.088,3.55,3.53
2024-07-01,3.536,4.096,4.096,3.59,3.579
2024-07-08,3.556,4.101,4.101,3.639,3.622
2024-07-15,3.561,4.109,4.109,3.643,3.627
2024-07-22,3.572,4.101,4.101,3.62,3.611
2024-07-29,3.568,4.089,4.089,3.592,3.587
2024-08-05,3.518,4.073,4.073,3.567,3.557
2024-08-12,3.475,4.058,4.058,3.523,3.513
2024-08-19,3.47,4.019,4.019,3.506,3.498
2024-08-26,3.467,3.969,3.969,3.456,3.458
2024-09-02,3.456,3.919,3.919,3.413,3.422
2024-09-09,3.417,3.871,3.871,3.358,3.37
2024-09-16,3.323,3.818,3.818,3.273,3.283
2024-09-23,3.188,3.797,3.797,3.22,3.213
2024-09-30,3.144,3.788,3.788,3.161,3.157
2024-10-07,3.148,3.765,3.765,3.142,3.143
2024-10-14,3.173,3.766,3.766,3.187,3.184
2024-10-21,3.191,3.76,3.76,3.174,3.178
2024-10-28,3.228,3.753,3.753,3.169,3.181
2024-11-04,3.225,3.753,3.753,3.132,3.151
